
-- Sample data for local development. Idempotent (INSERT OR IGNORE).
-- Auto-generated mock data (100 rows + lots + amendments + parties)

INSERT OR IGNORE INTO authorities (id, name, bulstat, region) VALUES
('auth:100000001', 'Община Мок-1', '100000001', 'Пловдив'),
('auth:100000002', 'Община Мок-2', '100000002', 'Варна'),
('auth:100000003', 'Община Мок-3', '100000003', 'Бургас'),
('auth:100000004', 'Община Мок-4', '100000004', 'Русе'),
('auth:100000005', 'Община Мок-5', '100000005', 'Стара Загора'),
('auth:100000006', 'Община Мок-6', '100000006', 'София-град'),
('auth:100000007', 'Община Мок-7', '100000007', 'Пловдив'),
('auth:100000008', 'Община Мок-8', '100000008', 'Варна'),
('auth:100000009', 'Община Мок-9', '100000009', 'Бургас'),
('auth:100000010', 'Община Мок-10', '100000010', 'Русе'),
('auth:100000011', 'Община Мок-11', '100000011', 'Стара Загора'),
('auth:100000012', 'Община Мок-12', '100000012', 'София-град'),
('auth:100000013', 'Община Мок-13', '100000013', 'Пловдив'),
('auth:100000014', 'Община Мок-14', '100000014', 'Варна'),
('auth:100000015', 'Община Мок-15', '100000015', 'Бургас'),
('auth:100000016', 'Община Мок-16', '100000016', 'Русе'),
('auth:100000017', 'Община Мок-17', '100000017', 'Стара Загора'),
('auth:100000018', 'Община Мок-18', '100000018', 'София-град'),
('auth:100000019', 'Община Мок-19', '100000019', 'Пловдив'),
('auth:100000020', 'Община Мок-20', '100000020', 'Варна'),
('auth:100000021', 'Община Мок-21', '100000021', 'Бургас'),
('auth:100000022', 'Община Мок-22', '100000022', 'Русе'),
('auth:100000023', 'Община Мок-23', '100000023', 'Стара Загора'),
('auth:100000024', 'Община Мок-24', '100000024', 'София-град'),
('auth:100000025', 'Община Мок-25', '100000025', 'Пловдив'),
('auth:100000026', 'Община Мок-26', '100000026', 'Варна'),
('auth:100000027', 'Община Мок-27', '100000027', 'Бургас'),
('auth:100000028', 'Община Мок-28', '100000028', 'Русе'),
('auth:100000029', 'Община Мок-29', '100000029', 'Стара Загора'),
('auth:100000030', 'Община Мок-30', '100000030', 'София-град'),
('auth:100000031', 'Община Мок-31', '100000031', 'Пловдив'),
('auth:100000032', 'Община Мок-32', '100000032', 'Варна'),
('auth:100000033', 'Община Мок-33', '100000033', 'Бургас'),
('auth:100000034', 'Община Мок-34', '100000034', 'Русе'),
('auth:100000035', 'Община Мок-35', '100000035', 'Стара Загора'),
('auth:100000036', 'Община Мок-36', '100000036', 'София-град'),
('auth:100000037', 'Община Мок-37', '100000037', 'Пловдив'),
('auth:100000038', 'Община Мок-38', '100000038', 'Варна'),
('auth:100000039', 'Община Мок-39', '100000039', 'Бургас'),
('auth:100000040', 'Община Мок-40', '100000040', 'Русе'),
('auth:100000041', 'Община Мок-41', '100000041', 'Стара Загора'),
('auth:100000042', 'Община Мок-42', '100000042', 'София-град'),
('auth:100000043', 'Община Мок-43', '100000043', 'Пловдив'),
('auth:100000044', 'Община Мок-44', '100000044', 'Варна'),
('auth:100000045', 'Община Мок-45', '100000045', 'Бургас'),
('auth:100000046', 'Община Мок-46', '100000046', 'Русе'),
('auth:100000047', 'Община Мок-47', '100000047', 'Стара Загора'),
('auth:100000048', 'Община Мок-48', '100000048', 'София-град'),
('auth:100000049', 'Община Мок-49', '100000049', 'Пловдив'),
('auth:100000050', 'Община Мок-50', '100000050', 'Варна'),
('auth:100000051', 'Община Мок-51', '100000051', 'Бургас'),
('auth:100000052', 'Община Мок-52', '100000052', 'Русе'),
('auth:100000053', 'Община Мок-53', '100000053', 'Стара Загора'),
('auth:100000054', 'Община Мок-54', '100000054', 'София-град'),
('auth:100000055', 'Община Мок-55', '100000055', 'Пловдив'),
('auth:100000056', 'Община Мок-56', '100000056', 'Варна'),
('auth:100000057', 'Община Мок-57', '100000057', 'Бургас'),
('auth:100000058', 'Община Мок-58', '100000058', 'Русе'),
('auth:100000059', 'Община Мок-59', '100000059', 'Стара Загора'),
('auth:100000060', 'Община Мок-60', '100000060', 'София-град'),
('auth:100000061', 'Община Мок-61', '100000061', 'Пловдив'),
('auth:100000062', 'Община Мок-62', '100000062', 'Варна'),
('auth:100000063', 'Община Мок-63', '100000063', 'Бургас'),
('auth:100000064', 'Община Мок-64', '100000064', 'Русе'),
('auth:100000065', 'Община Мок-65', '100000065', 'Стара Загора'),
('auth:100000066', 'Община Мок-66', '100000066', 'София-град'),
('auth:100000067', 'Община Мок-67', '100000067', 'Пловдив'),
('auth:100000068', 'Община Мок-68', '100000068', 'Варна'),
('auth:100000069', 'Община Мок-69', '100000069', 'Бургас'),
('auth:100000070', 'Община Мок-70', '100000070', 'Русе'),
('auth:100000071', 'Община Мок-71', '100000071', 'Стара Загора'),
('auth:100000072', 'Община Мок-72', '100000072', 'София-град'),
('auth:100000073', 'Община Мок-73', '100000073', 'Пловдив'),
('auth:100000074', 'Община Мок-74', '100000074', 'Варна'),
('auth:100000075', 'Община Мок-75', '100000075', 'Бургас'),
('auth:100000076', 'Община Мок-76', '100000076', 'Русе'),
('auth:100000077', 'Община Мок-77', '100000077', 'Стара Загора'),
('auth:100000078', 'Община Мок-78', '100000078', 'София-град'),
('auth:100000079', 'Община Мок-79', '100000079', 'Пловдив'),
('auth:100000080', 'Община Мок-80', '100000080', 'Варна'),
('auth:100000081', 'Община Мок-81', '100000081', 'Бургас'),
('auth:100000082', 'Община Мок-82', '100000082', 'Русе'),
('auth:100000083', 'Община Мок-83', '100000083', 'Стара Загора'),
('auth:100000084', 'Община Мок-84', '100000084', 'София-град'),
('auth:100000085', 'Община Мок-85', '100000085', 'Пловдив'),
('auth:100000086', 'Община Мок-86', '100000086', 'Варна'),
('auth:100000087', 'Община Мок-87', '100000087', 'Бургас'),
('auth:100000088', 'Община Мок-88', '100000088', 'Русе'),
('auth:100000089', 'Община Мок-89', '100000089', 'Стара Загора'),
('auth:100000090', 'Община Мок-90', '100000090', 'София-град'),
('auth:100000091', 'Община Мок-91', '100000091', 'Пловдив'),
('auth:100000092', 'Община Мок-92', '100000092', 'Варна'),
('auth:100000093', 'Община Мок-93', '100000093', 'Бургас'),
('auth:100000094', 'Община Мок-94', '100000094', 'Русе'),
('auth:100000095', 'Община Мок-95', '100000095', 'Стара Загора'),
('auth:100000096', 'Община Мок-96', '100000096', 'София-град'),
('auth:100000097', 'Община Мок-97', '100000097', 'Пловдив'),
('auth:100000098', 'Община Мок-98', '100000098', 'Варна'),
('auth:100000099', 'Община Мок-99', '100000099', 'Бургас'),
('auth:100000100', 'Община Мок-100', '100000100', 'Русе');

INSERT OR IGNORE INTO tenders
  (id, source_id, title, authority_id, cpv_code, estimated_value, currency, procedure_type, status, published_at, deadline_at)
VALUES
('tender-mock-1', 'AOP-MOCK-1', 'Обществена поръчка 1', 'auth:100000001', '45000000', 369237, 'BGN', 'пряко договаряне', 'published', '2026-01-01', '2026-02-01'),
('tender-mock-2', 'AOP-MOCK-2', 'Обществена поръчка 2', 'auth:100000002', '72000000', 2930723, 'BGN', 'публично състезание', 'published', '2026-01-01', '2026-02-01'),
('tender-mock-3', 'AOP-MOCK-3', 'Обществена поръчка 3', 'auth:100000003', '33000000', 3158351, 'BGN', 'открита процедура', 'published', '2026-01-01', '2026-02-01'),
('tender-mock-4', 'AOP-MOCK-4', 'Обществена поръчка 4', 'auth:100000004', '09000000', 2413245, 'BGN', 'пряко договаряне', 'published', '2026-01-01', '2026-02-01'),
('tender-mock-5', 'AOP-MOCK-5', 'Обществена поръчка 5', 'auth:100000005', '15000000', 3823147, 'BGN', 'публично състезание', 'published', '2026-01-01', '2026-02-01'),
('tender-mock-6', 'AOP-MOCK-6', 'Обществена поръчка 6', 'auth:100000006', '45000000', 4065628, 'BGN', 'открита процедура', 'published', '2026-01-01', '2026-02-01'),
('tender-mock-7', 'AOP-MOCK-7', 'Обществена поръчка 7', 'auth:100000007', '72000000', 1492296, 'BGN', 'пряко договаряне', 'published', '2026-01-01', '2026-02-01'),
('tender-mock-8', 'AOP-MOCK-8', 'Обществена поръчка 8', 'auth:100000008', '33000000', 4806479, 'BGN', 'публично състезание', 'published', '2026-01-01', '2026-02-01'),
('tender-mock-9', 'AOP-MOCK-9', 'Обществена поръчка 9', 'auth:100000009', '09000000', 4461483, 'BGN', 'открита процедура', 'published', '2026-01-01', '2026-02-01'),
('tender-mock-10', 'AOP-MOCK-10', 'Обществена поръчка 10', 'auth:100000010', '15000000', 922631, 'BGN', 'пряко договаряне', 'published', '2026-01-01', '2026-02-01'),
('tender-mock-11', 'AOP-MOCK-11', 'Обществена поръчка 11', 'auth:100000011', '45000000', 78308, 'BGN', 'публично състезание', 'published', '2026-01-01', '2026-02-01'),
('tender-mock-12', 'AOP-MOCK-12', 'Обществена поръчка 12', 'auth:100000012', '72000000', 2114163, 'BGN', 'открита процедура', 'published', '2026-01-01', '2026-02-01'),
('tender-mock-13', 'AOP-MOCK-13', 'Обществена поръчка 13', 'auth:100000013', '33000000', 3986364, 'BGN', 'пряко договаряне', 'published', '2026-01-01', '2026-02-01'),
('tender-mock-14', 'AOP-MOCK-14', 'Обществена поръчка 14', 'auth:100000014', '09000000', 1494742, 'BGN', 'публично състезание', 'published', '2026-01-01', '2026-02-01'),
('tender-mock-15', 'AOP-MOCK-15', 'Обществена поръчка 15', 'auth:100000015', '15000000', 3524192, 'BGN', 'открита процедура', 'published', '2026-01-01', '2026-02-01'),
('tender-mock-16', 'AOP-MOCK-16', 'Обществена поръчка 16', 'auth:100000016', '45000000', 4144517, 'BGN', 'пряко договаряне', 'published', '2026-01-01', '2026-02-01'),
('tender-mock-17', 'AOP-MOCK-17', 'Обществена поръчка 17', 'auth:100000017', '72000000', 1997171, 'BGN', 'публично състезание', 'published', '2026-01-01', '2026-02-01'),
('tender-mock-18', 'AOP-MOCK-18', 'Обществена поръчка 18', 'auth:100000018', '33000000', 1986275, 'BGN', 'открита процедура', 'published', '2026-01-01', '2026-02-01'),
('tender-mock-19', 'AOP-MOCK-19', 'Обществена поръчка 19', 'auth:100000019', '09000000', 4594313, 'BGN', 'пряко договаряне', 'published', '2026-01-01', '2026-02-01'),
('tender-mock-20', 'AOP-MOCK-20', 'Обществена поръчка 20', 'auth:100000020', '15000000', 2821722, 'BGN', 'публично състезание', 'published', '2026-01-01', '2026-02-01'),
('tender-mock-21', 'AOP-MOCK-21', 'Обществена поръчка 21', 'auth:100000021', '45000000', 4134687, 'BGN', 'открита процедура', 'published', '2026-01-01', '2026-02-01'),
('tender-mock-22', 'AOP-MOCK-22', 'Обществена поръчка 22', 'auth:100000022', '72000000', 491646, 'BGN', 'пряко договаряне', 'published', '2026-01-01', '2026-02-01'),
('tender-mock-23', 'AOP-MOCK-23', 'Обществена поръчка 23', 'auth:100000023', '33000000', 2937134, 'BGN', 'публично състезание', 'published', '2026-01-01', '2026-02-01'),
('tender-mock-24', 'AOP-MOCK-24', 'Обществена поръчка 24', 'auth:100000024', '09000000', 3052463, 'BGN', 'открита процедура', 'published', '2026-01-01', '2026-02-01'),
('tender-mock-25', 'AOP-MOCK-25', 'Обществена поръчка 25', 'auth:100000025', '15000000', 2239470, 'BGN', 'пряко договаряне', 'published', '2026-01-01', '2026-02-01'),
('tender-mock-26', 'AOP-MOCK-26', 'Обществена поръчка 26', 'auth:100000026', '45000000', 4664244, 'BGN', 'публично състезание', 'published', '2026-01-01', '2026-02-01'),
('tender-mock-27', 'AOP-MOCK-27', 'Обществена поръчка 27', 'auth:100000027', '72000000', 2679740, 'BGN', 'открита процедура', 'published', '2026-01-01', '2026-02-01'),
('tender-mock-28', 'AOP-MOCK-28', 'Обществена поръчка 28', 'auth:100000028', '33000000', 3720689, 'BGN', 'пряко договаряне', 'published', '2026-01-01', '2026-02-01'),
('tender-mock-29', 'AOP-MOCK-29', 'Обществена поръчка 29', 'auth:100000029', '09000000', 2927060, 'BGN', 'публично състезание', 'published', '2026-01-01', '2026-02-01'),
('tender-mock-30', 'AOP-MOCK-30', 'Обществена поръчка 30', 'auth:100000030', '15000000', 4769842, 'BGN', 'открита процедура', 'published', '2026-01-01', '2026-02-01'),
('tender-mock-31', 'AOP-MOCK-31', 'Обществена поръчка 31', 'auth:100000031', '45000000', 2672696, 'BGN', 'пряко договаряне', 'published', '2026-01-01', '2026-02-01'),
('tender-mock-32', 'AOP-MOCK-32', 'Обществена поръчка 32', 'auth:100000032', '72000000', 4978716, 'BGN', 'публично състезание', 'published', '2026-01-01', '2026-02-01'),
('tender-mock-33', 'AOP-MOCK-33', 'Обществена поръчка 33', 'auth:100000033', '33000000', 3460009, 'BGN', 'открита процедура', 'published', '2026-01-01', '2026-02-01'),
('tender-mock-34', 'AOP-MOCK-34', 'Обществена поръчка 34', 'auth:100000034', '09000000', 2963770, 'BGN', 'пряко договаряне', 'published', '2026-01-01', '2026-02-01'),
('tender-mock-35', 'AOP-MOCK-35', 'Обществена поръчка 35', 'auth:100000035', '15000000', 3500354, 'BGN', 'публично състезание', 'published', '2026-01-01', '2026-02-01'),
('tender-mock-36', 'AOP-MOCK-36', 'Обществена поръчка 36', 'auth:100000036', '45000000', 1800999, 'BGN', 'открита процедура', 'published', '2026-01-01', '2026-02-01'),
('tender-mock-37', 'AOP-MOCK-37', 'Обществена поръчка 37', 'auth:100000037', '72000000', 3836162, 'BGN', 'пряко договаряне', 'published', '2026-01-01', '2026-02-01'),
('tender-mock-38', 'AOP-MOCK-38', 'Обществена поръчка 38', 'auth:100000038', '33000000', 4682745, 'BGN', 'публично състезание', 'published', '2026-01-01', '2026-02-01'),
('tender-mock-39', 'AOP-MOCK-39', 'Обществена поръчка 39', 'auth:100000039', '09000000', 3890294, 'BGN', 'открита процедура', 'published', '2026-01-01', '2026-02-01'),
('tender-mock-40', 'AOP-MOCK-40', 'Обществена поръчка 40', 'auth:100000040', '15000000', 4419628, 'BGN', 'пряко договаряне', 'published', '2026-01-01', '2026-02-01'),
('tender-mock-41', 'AOP-MOCK-41', 'Обществена поръчка 41', 'auth:100000041', '45000000', 210985, 'BGN', 'публично състезание', 'published', '2026-01-01', '2026-02-01'),
('tender-mock-42', 'AOP-MOCK-42', 'Обществена поръчка 42', 'auth:100000042', '72000000', 1152139, 'BGN', 'открита процедура', 'published', '2026-01-01', '2026-02-01'),
('tender-mock-43', 'AOP-MOCK-43', 'Обществена поръчка 43', 'auth:100000043', '33000000', 731252, 'BGN', 'пряко договаряне', 'published', '2026-01-01', '2026-02-01'),
('tender-mock-44', 'AOP-MOCK-44', 'Обществена поръчка 44', 'auth:100000044', '09000000', 4952723, 'BGN', 'публично състезание', 'published', '2026-01-01', '2026-02-01'),
('tender-mock-45', 'AOP-MOCK-45', 'Обществена поръчка 45', 'auth:100000045', '15000000', 4458747, 'BGN', 'открита процедура', 'published', '2026-01-01', '2026-02-01'),
('tender-mock-46', 'AOP-MOCK-46', 'Обществена поръчка 46', 'auth:100000046', '45000000', 3442447, 'BGN', 'пряко договаряне', 'published', '2026-01-01', '2026-02-01'),
('tender-mock-47', 'AOP-MOCK-47', 'Обществена поръчка 47', 'auth:100000047', '72000000', 4554332, 'BGN', 'публично състезание', 'published', '2026-01-01', '2026-02-01'),
('tender-mock-48', 'AOP-MOCK-48', 'Обществена поръчка 48', 'auth:100000048', '33000000', 3629424, 'BGN', 'открита процедура', 'published', '2026-01-01', '2026-02-01'),
('tender-mock-49', 'AOP-MOCK-49', 'Обществена поръчка 49', 'auth:100000049', '09000000', 4870344, 'BGN', 'пряко договаряне', 'published', '2026-01-01', '2026-02-01'),
('tender-mock-50', 'AOP-MOCK-50', 'Обществена поръчка 50', 'auth:100000050', '15000000', 2393141, 'BGN', 'публично състезание', 'published', '2026-01-01', '2026-02-01'),
('tender-mock-51', 'AOP-MOCK-51', 'Обществена поръчка 51', 'auth:100000051', '45000000', 2038250, 'BGN', 'открита процедура', 'published', '2026-01-01', '2026-02-01'),
('tender-mock-52', 'AOP-MOCK-52', 'Обществена поръчка 52', 'auth:100000052', '72000000', 3919140, 'BGN', 'пряко договаряне', 'published', '2026-01-01', '2026-02-01'),
('tender-mock-53', 'AOP-MOCK-53', 'Обществена поръчка 53', 'auth:100000053', '33000000', 1637989, 'BGN', 'публично състезание', 'published', '2026-01-01', '2026-02-01'),
('tender-mock-54', 'AOP-MOCK-54', 'Обществена поръчка 54', 'auth:100000054', '09000000', 1007642, 'BGN', 'открита процедура', 'published', '2026-01-01', '2026-02-01'),
('tender-mock-55', 'AOP-MOCK-55', 'Обществена поръчка 55', 'auth:100000055', '15000000', 3150415, 'BGN', 'пряко договаряне', 'published', '2026-01-01', '2026-02-01'),
('tender-mock-56', 'AOP-MOCK-56', 'Обществена поръчка 56', 'auth:100000056', '45000000', 4558328, 'BGN', 'публично състезание', 'published', '2026-01-01', '2026-02-01'),
('tender-mock-57', 'AOP-MOCK-57', 'Обществена поръчка 57', 'auth:100000057', '72000000', 4657606, 'BGN', 'открита процедура', 'published', '2026-01-01', '2026-02-01'),
('tender-mock-58', 'AOP-MOCK-58', 'Обществена поръчка 58', 'auth:100000058', '33000000', 3564218, 'BGN', 'пряко договаряне', 'published', '2026-01-01', '2026-02-01'),
('tender-mock-59', 'AOP-MOCK-59', 'Обществена поръчка 59', 'auth:100000059', '09000000', 4940259, 'BGN', 'публично състезание', 'published', '2026-01-01', '2026-02-01'),
('tender-mock-60', 'AOP-MOCK-60', 'Обществена поръчка 60', 'auth:100000060', '15000000', 1895758, 'BGN', 'открита процедура', 'published', '2026-01-01', '2026-02-01'),
('tender-mock-61', 'AOP-MOCK-61', 'Обществена поръчка 61', 'auth:100000061', '45000000', 3516909, 'BGN', 'пряко договаряне', 'published', '2026-01-01', '2026-02-01'),
('tender-mock-62', 'AOP-MOCK-62', 'Обществена поръчка 62', 'auth:100000062', '72000000', 3062123, 'BGN', 'публично състезание', 'published', '2026-01-01', '2026-02-01'),
('tender-mock-63', 'AOP-MOCK-63', 'Обществена поръчка 63', 'auth:100000063', '33000000', 2343281, 'BGN', 'открита процедура', 'published', '2026-01-01', '2026-02-01'),
('tender-mock-64', 'AOP-MOCK-64', 'Обществена поръчка 64', 'auth:100000064', '09000000', 2856579, 'BGN', 'пряко договаряне', 'published', '2026-01-01', '2026-02-01'),
('tender-mock-65', 'AOP-MOCK-65', 'Обществена поръчка 65', 'auth:100000065', '15000000', 928828, 'BGN', 'публично състезание', 'published', '2026-01-01', '2026-02-01'),
('tender-mock-66', 'AOP-MOCK-66', 'Обществена поръчка 66', 'auth:100000066', '45000000', 2368964, 'BGN', 'открита процедура', 'published', '2026-01-01', '2026-02-01'),
('tender-mock-67', 'AOP-MOCK-67', 'Обществена поръчка 67', 'auth:100000067', '72000000', 1004299, 'BGN', 'пряко договаряне', 'published', '2026-01-01', '2026-02-01'),
('tender-mock-68', 'AOP-MOCK-68', 'Обществена поръчка 68', 'auth:100000068', '33000000', 2862770, 'BGN', 'публично състезание', 'published', '2026-01-01', '2026-02-01'),
('tender-mock-69', 'AOP-MOCK-69', 'Обществена поръчка 69', 'auth:100000069', '09000000', 3267338, 'BGN', 'открита процедура', 'published', '2026-01-01', '2026-02-01'),
('tender-mock-70', 'AOP-MOCK-70', 'Обществена поръчка 70', 'auth:100000070', '15000000', 2281154, 'BGN', 'пряко договаряне', 'published', '2026-01-01', '2026-02-01'),
('tender-mock-71', 'AOP-MOCK-71', 'Обществена поръчка 71', 'auth:100000071', '45000000', 2425730, 'BGN', 'публично състезание', 'published', '2026-01-01', '2026-02-01'),
('tender-mock-72', 'AOP-MOCK-72', 'Обществена поръчка 72', 'auth:100000072', '72000000', 2404979, 'BGN', 'открита процедура', 'published', '2026-01-01', '2026-02-01'),
('tender-mock-73', 'AOP-MOCK-73', 'Обществена поръчка 73', 'auth:100000073', '33000000', 4894695, 'BGN', 'пряко договаряне', 'published', '2026-01-01', '2026-02-01'),
('tender-mock-74', 'AOP-MOCK-74', 'Обществена поръчка 74', 'auth:100000074', '09000000', 4326218, 'BGN', 'публично състезание', 'published', '2026-01-01', '2026-02-01'),
('tender-mock-75', 'AOP-MOCK-75', 'Обществена поръчка 75', 'auth:100000075', '15000000', 1890223, 'BGN', 'открита процедура', 'published', '2026-01-01', '2026-02-01'),
('tender-mock-76', 'AOP-MOCK-76', 'Обществена поръчка 76', 'auth:100000076', '45000000', 2769450, 'BGN', 'пряко договаряне', 'published', '2026-01-01', '2026-02-01'),
('tender-mock-77', 'AOP-MOCK-77', 'Обществена поръчка 77', 'auth:100000077', '72000000', 966509, 'BGN', 'публично състезание', 'published', '2026-01-01', '2026-02-01'),
('tender-mock-78', 'AOP-MOCK-78', 'Обществена поръчка 78', 'auth:100000078', '33000000', 3961794, 'BGN', 'открита процедура', 'published', '2026-01-01', '2026-02-01'),
('tender-mock-79', 'AOP-MOCK-79', 'Обществена поръчка 79', 'auth:100000079', '09000000', 2693303, 'BGN', 'пряко договаряне', 'published', '2026-01-01', '2026-02-01'),
('tender-mock-80', 'AOP-MOCK-80', 'Обществена поръчка 80', 'auth:100000080', '15000000', 1458184, 'BGN', 'публично състезание', 'published', '2026-01-01', '2026-02-01'),
('tender-mock-81', 'AOP-MOCK-81', 'Обществена поръчка 81', 'auth:100000081', '45000000', 817869, 'BGN', 'открита процедура', 'published', '2026-01-01', '2026-02-01'),
('tender-mock-82', 'AOP-MOCK-82', 'Обществена поръчка 82', 'auth:100000082', '72000000', 3142620, 'BGN', 'пряко договаряне', 'published', '2026-01-01', '2026-02-01'),
('tender-mock-83', 'AOP-MOCK-83', 'Обществена поръчка 83', 'auth:100000083', '33000000', 4537254, 'BGN', 'публично състезание', 'published', '2026-01-01', '2026-02-01'),
('tender-mock-84', 'AOP-MOCK-84', 'Обществена поръчка 84', 'auth:100000084', '09000000', 1062210, 'BGN', 'открита процедура', 'published', '2026-01-01', '2026-02-01'),
('tender-mock-85', 'AOP-MOCK-85', 'Обществена поръчка 85', 'auth:100000085', '15000000', 1183016, 'BGN', 'пряко договаряне', 'published', '2026-01-01', '2026-02-01'),
('tender-mock-86', 'AOP-MOCK-86', 'Обществена поръчка 86', 'auth:100000086', '45000000', 937071, 'BGN', 'публично състезание', 'published', '2026-01-01', '2026-02-01'),
('tender-mock-87', 'AOP-MOCK-87', 'Обществена поръчка 87', 'auth:100000087', '72000000', 2884570, 'BGN', 'открита процедура', 'published', '2026-01-01', '2026-02-01'),
('tender-mock-88', 'AOP-MOCK-88', 'Обществена поръчка 88', 'auth:100000088', '33000000', 4888251, 'BGN', 'пряко договаряне', 'published', '2026-01-01', '2026-02-01'),
('tender-mock-89', 'AOP-MOCK-89', 'Обществена поръчка 89', 'auth:100000089', '09000000', 1016465, 'BGN', 'публично състезание', 'published', '2026-01-01', '2026-02-01'),
('tender-mock-90', 'AOP-MOCK-90', 'Обществена поръчка 90', 'auth:100000090', '15000000', 311250, 'BGN', 'открита процедура', 'published', '2026-01-01', '2026-02-01'),
('tender-mock-91', 'AOP-MOCK-91', 'Обществена поръчка 91', 'auth:100000091', '45000000', 4551487, 'BGN', 'пряко договаряне', 'published', '2026-01-01', '2026-02-01'),
('tender-mock-92', 'AOP-MOCK-92', 'Обществена поръчка 92', 'auth:100000092', '72000000', 2166375, 'BGN', 'публично състезание', 'published', '2026-01-01', '2026-02-01'),
('tender-mock-93', 'AOP-MOCK-93', 'Обществена поръчка 93', 'auth:100000093', '33000000', 1858184, 'BGN', 'открита процедура', 'published', '2026-01-01', '2026-02-01'),
('tender-mock-94', 'AOP-MOCK-94', 'Обществена поръчка 94', 'auth:100000094', '09000000', 1268110, 'BGN', 'пряко договаряне', 'published', '2026-01-01', '2026-02-01'),
('tender-mock-95', 'AOP-MOCK-95', 'Обществена поръчка 95', 'auth:100000095', '15000000', 2468095, 'BGN', 'публично състезание', 'published', '2026-01-01', '2026-02-01'),
('tender-mock-96', 'AOP-MOCK-96', 'Обществена поръчка 96', 'auth:100000096', '45000000', 3848856, 'BGN', 'открита процедура', 'published', '2026-01-01', '2026-02-01'),
('tender-mock-97', 'AOP-MOCK-97', 'Обществена поръчка 97', 'auth:100000097', '72000000', 676506, 'BGN', 'пряко договаряне', 'published', '2026-01-01', '2026-02-01'),
('tender-mock-98', 'AOP-MOCK-98', 'Обществена поръчка 98', 'auth:100000098', '33000000', 1024975, 'BGN', 'публично състезание', 'published', '2026-01-01', '2026-02-01'),
('tender-mock-99', 'AOP-MOCK-99', 'Обществена поръчка 99', 'auth:100000099', '09000000', 3795334, 'BGN', 'открита процедура', 'published', '2026-01-01', '2026-02-01'),
('tender-mock-100', 'AOP-MOCK-100', 'Обществена поръчка 100', 'auth:100000100', '15000000', 1619722, 'BGN', 'пряко договаряне', 'published', '2026-01-01', '2026-02-01');

INSERT OR IGNORE INTO lots
  (id, tender_id, title, cpv_code, estimated_value, value_amount, value_currency)
VALUES
('lot-AOP-MOCK-3-1', 'tender-mock-3', 'Обособена позиция 1', '33000000', 3158351, 3158351, 'BGN'),
('lot-AOP-MOCK-6-1', 'tender-mock-6', 'Обособена позиция 1', '45000000', 4065628, 4065628, 'BGN'),
('lot-AOP-MOCK-9-1', 'tender-mock-9', 'Обособена позиция 1', '09000000', 4461483, 4461483, 'BGN'),
('lot-AOP-MOCK-12-1', 'tender-mock-12', 'Обособена позиция 1', '72000000', 2114163, 2114163, 'BGN'),
('lot-AOP-MOCK-15-1', 'tender-mock-15', 'Обособена позиция 1', '15000000', 3524192, 3524192, 'BGN'),
('lot-AOP-MOCK-18-1', 'tender-mock-18', 'Обособена позиция 1', '33000000', 1986275, 1986275, 'BGN'),
('lot-AOP-MOCK-21-1', 'tender-mock-21', 'Обособена позиция 1', '45000000', 4134687, 4134687, 'BGN'),
('lot-AOP-MOCK-24-1', 'tender-mock-24', 'Обособена позиция 1', '09000000', 3052463, 3052463, 'BGN'),
('lot-AOP-MOCK-27-1', 'tender-mock-27', 'Обособена позиция 1', '72000000', 2679740, 2679740, 'BGN'),
('lot-AOP-MOCK-30-1', 'tender-mock-30', 'Обособена позиция 1', '15000000', 4769842, 4769842, 'BGN'),
('lot-AOP-MOCK-33-1', 'tender-mock-33', 'Обособена позиция 1', '33000000', 3460009, 3460009, 'BGN'),
('lot-AOP-MOCK-36-1', 'tender-mock-36', 'Обособена позиция 1', '45000000', 1800999, 1800999, 'BGN'),
('lot-AOP-MOCK-39-1', 'tender-mock-39', 'Обособена позиция 1', '09000000', 3890294, 3890294, 'BGN'),
('lot-AOP-MOCK-42-1', 'tender-mock-42', 'Обособена позиция 1', '72000000', 1152139, 1152139, 'BGN'),
('lot-AOP-MOCK-45-1', 'tender-mock-45', 'Обособена позиция 1', '15000000', 4458747, 4458747, 'BGN'),
('lot-AOP-MOCK-48-1', 'tender-mock-48', 'Обособена позиция 1', '33000000', 3629424, 3629424, 'BGN'),
('lot-AOP-MOCK-51-1', 'tender-mock-51', 'Обособена позиция 1', '45000000', 2038250, 2038250, 'BGN'),
('lot-AOP-MOCK-54-1', 'tender-mock-54', 'Обособена позиция 1', '09000000', 1007642, 1007642, 'BGN'),
('lot-AOP-MOCK-57-1', 'tender-mock-57', 'Обособена позиция 1', '72000000', 4657606, 4657606, 'BGN'),
('lot-AOP-MOCK-60-1', 'tender-mock-60', 'Обособена позиция 1', '15000000', 1895758, 1895758, 'BGN'),
('lot-AOP-MOCK-63-1', 'tender-mock-63', 'Обособена позиция 1', '33000000', 2343281, 2343281, 'BGN'),
('lot-AOP-MOCK-66-1', 'tender-mock-66', 'Обособена позиция 1', '45000000', 2368964, 2368964, 'BGN'),
('lot-AOP-MOCK-69-1', 'tender-mock-69', 'Обособена позиция 1', '09000000', 3267338, 3267338, 'BGN'),
('lot-AOP-MOCK-72-1', 'tender-mock-72', 'Обособена позиция 1', '72000000', 2404979, 2404979, 'BGN'),
('lot-AOP-MOCK-75-1', 'tender-mock-75', 'Обособена позиция 1', '15000000', 1890223, 1890223, 'BGN'),
('lot-AOP-MOCK-78-1', 'tender-mock-78', 'Обособена позиция 1', '33000000', 3961794, 3961794, 'BGN'),
('lot-AOP-MOCK-81-1', 'tender-mock-81', 'Обособена позиция 1', '45000000', 817869, 817869, 'BGN'),
('lot-AOP-MOCK-84-1', 'tender-mock-84', 'Обособена позиция 1', '09000000', 1062210, 1062210, 'BGN'),
('lot-AOP-MOCK-87-1', 'tender-mock-87', 'Обособена позиция 1', '72000000', 2884570, 2884570, 'BGN'),
('lot-AOP-MOCK-90-1', 'tender-mock-90', 'Обособена позиция 1', '15000000', 311250, 311250, 'BGN'),
('lot-AOP-MOCK-93-1', 'tender-mock-93', 'Обособена позиция 1', '33000000', 1858184, 1858184, 'BGN'),
('lot-AOP-MOCK-96-1', 'tender-mock-96', 'Обособена позиция 1', '45000000', 3848856, 3848856, 'BGN'),
('lot-AOP-MOCK-99-1', 'tender-mock-99', 'Обособена позиция 1', '09000000', 3795334, 3795334, 'BGN');

INSERT OR IGNORE INTO bidders (id, name, bulstat, eik_normalized, eik_valid) VALUES
('eik:104693344', 'Фирма Мок 1 ЕООД', '104693344', '104693344', 1),
('eik:104693344', 'Фирма Мок 2 ЕООД', '104693344', '104693344', 1),
('eik:104693344', 'Фирма Мок 3 ЕООД', '104693344', '104693344', 1),
('eik:104693344', 'Фирма Мок 4 ЕООД', '104693344', '104693344', 1),
('eik:104693344', 'Фирма Мок 5 ЕООД', '104693344', '104693344', 1),
('eik:104693344', 'Фирма Мок 6 ЕООД', '104693344', '104693344', 1),
('eik:104693344', 'Фирма Мок 7 ЕООД', '104693344', '104693344', 1),
('eik:104693344', 'Фирма Мок 8 ЕООД', '104693344', '104693344', 1),
('eik:104693344', 'Фирма Мок 9 ЕООД', '104693344', '104693344', 1),
('eik:104693344', 'Фирма Мок 10 ЕООД', '104693344', '104693344', 1),
('eik:104693344', 'Фирма Мок 11 ЕООД', '104693344', '104693344', 1),
('eik:104693344', 'Фирма Мок 12 ЕООД', '104693344', '104693344', 1),
('eik:104693344', 'Фирма Мок 13 ЕООД', '104693344', '104693344', 1),
('eik:104693344', 'Фирма Мок 14 ЕООД', '104693344', '104693344', 1),
('eik:104693344', 'Фирма Мок 15 ЕООД', '104693344', '104693344', 1),
('eik:104693344', 'Фирма Мок 16 ЕООД', '104693344', '104693344', 1),
('eik:104693344', 'Фирма Мок 17 ЕООД', '104693344', '104693344', 1),
('eik:104693344', 'Фирма Мок 18 ЕООД', '104693344', '104693344', 1),
('eik:104693344', 'Фирма Мок 19 ЕООД', '104693344', '104693344', 1),
('eik:104693344', 'Фирма Мок 20 ЕООД', '104693344', '104693344', 1),
('eik:104693344', 'Фирма Мок 21 ЕООД', '104693344', '104693344', 1),
('eik:104693344', 'Фирма Мок 22 ЕООД', '104693344', '104693344', 1),
('eik:104693344', 'Фирма Мок 23 ЕООД', '104693344', '104693344', 1),
('eik:104693344', 'Фирма Мок 24 ЕООД', '104693344', '104693344', 1),
('eik:104693344', 'Фирма Мок 25 ЕООД', '104693344', '104693344', 1),
('eik:104693344', 'Фирма Мок 26 ЕООД', '104693344', '104693344', 1),
('eik:104693344', 'Фирма Мок 27 ЕООД', '104693344', '104693344', 1),
('eik:104693344', 'Фирма Мок 28 ЕООД', '104693344', '104693344', 1),
('eik:104693344', 'Фирма Мок 29 ЕООД', '104693344', '104693344', 1),
('eik:104693344', 'Фирма Мок 30 ЕООД', '104693344', '104693344', 1),
('eik:104693344', 'Фирма Мок 31 ЕООД', '104693344', '104693344', 1),
('eik:104693344', 'Фирма Мок 32 ЕООД', '104693344', '104693344', 1),
('eik:104693344', 'Фирма Мок 33 ЕООД', '104693344', '104693344', 1),
('eik:104693344', 'Фирма Мок 34 ЕООД', '104693344', '104693344', 1),
('eik:104693344', 'Фирма Мок 35 ЕООД', '104693344', '104693344', 1),
('eik:104693344', 'Фирма Мок 36 ЕООД', '104693344', '104693344', 1),
('eik:104693344', 'Фирма Мок 37 ЕООД', '104693344', '104693344', 1),
('eik:104693344', 'Фирма Мок 38 ЕООД', '104693344', '104693344', 1),
('eik:104693344', 'Фирма Мок 39 ЕООД', '104693344', '104693344', 1),
('eik:104693344', 'Фирма Мок 40 ЕООД', '104693344', '104693344', 1),
('eik:104693344', 'Фирма Мок 41 ЕООД', '104693344', '104693344', 1),
('eik:104693344', 'Фирма Мок 42 ЕООД', '104693344', '104693344', 1),
('eik:104693344', 'Фирма Мок 43 ЕООД', '104693344', '104693344', 1),
('eik:104693344', 'Фирма Мок 44 ЕООД', '104693344', '104693344', 1),
('eik:104693344', 'Фирма Мок 45 ЕООД', '104693344', '104693344', 1),
('eik:104693344', 'Фирма Мок 46 ЕООД', '104693344', '104693344', 1),
('eik:104693344', 'Фирма Мок 47 ЕООД', '104693344', '104693344', 1),
('eik:104693344', 'Фирма Мок 48 ЕООД', '104693344', '104693344', 1),
('eik:104693344', 'Фирма Мок 49 ЕООД', '104693344', '104693344', 1),
('eik:104693344', 'Фирма Мок 50 ЕООД', '104693344', '104693344', 1),
('eik:104693344', 'Фирма Мок 51 ЕООД', '104693344', '104693344', 1),
('eik:104693344', 'Фирма Мок 52 ЕООД', '104693344', '104693344', 1),
('eik:104693344', 'Фирма Мок 53 ЕООД', '104693344', '104693344', 1),
('eik:104693344', 'Фирма Мок 54 ЕООД', '104693344', '104693344', 1),
('eik:104693344', 'Фирма Мок 55 ЕООД', '104693344', '104693344', 1),
('eik:104693344', 'Фирма Мок 56 ЕООД', '104693344', '104693344', 1),
('eik:104693344', 'Фирма Мок 57 ЕООД', '104693344', '104693344', 1),
('eik:104693344', 'Фирма Мок 58 ЕООД', '104693344', '104693344', 1),
('eik:104693344', 'Фирма Мок 59 ЕООД', '104693344', '104693344', 1),
('eik:104693344', 'Фирма Мок 60 ЕООД', '104693344', '104693344', 1),
('eik:104693344', 'Фирма Мок 61 ЕООД', '104693344', '104693344', 1),
('eik:104693344', 'Фирма Мок 62 ЕООД', '104693344', '104693344', 1),
('eik:104693344', 'Фирма Мок 63 ЕООД', '104693344', '104693344', 1),
('eik:104693344', 'Фирма Мок 64 ЕООД', '104693344', '104693344', 1),
('eik:104693344', 'Фирма Мок 65 ЕООД', '104693344', '104693344', 1),
('eik:104693344', 'Фирма Мок 66 ЕООД', '104693344', '104693344', 1),
('eik:104693344', 'Фирма Мок 67 ЕООД', '104693344', '104693344', 1),
('eik:104693344', 'Фирма Мок 68 ЕООД', '104693344', '104693344', 1),
('eik:104693344', 'Фирма Мок 69 ЕООД', '104693344', '104693344', 1),
('eik:104693344', 'Фирма Мок 70 ЕООД', '104693344', '104693344', 1),
('eik:104693344', 'Фирма Мок 71 ЕООД', '104693344', '104693344', 1),
('eik:104693344', 'Фирма Мок 72 ЕООД', '104693344', '104693344', 1),
('eik:104693344', 'Фирма Мок 73 ЕООД', '104693344', '104693344', 1),
('eik:104693344', 'Фирма Мок 74 ЕООД', '104693344', '104693344', 1),
('eik:104693344', 'Фирма Мок 75 ЕООД', '104693344', '104693344', 1),
('eik:104693344', 'Фирма Мок 76 ЕООД', '104693344', '104693344', 1),
('eik:104693344', 'Фирма Мок 77 ЕООД', '104693344', '104693344', 1),
('eik:104693344', 'Фирма Мок 78 ЕООД', '104693344', '104693344', 1),
('eik:104693344', 'Фирма Мок 79 ЕООД', '104693344', '104693344', 1),
('eik:104693344', 'Фирма Мок 80 ЕООД', '104693344', '104693344', 1),
('eik:104693344', 'Фирма Мок 81 ЕООД', '104693344', '104693344', 1),
('eik:104693344', 'Фирма Мок 82 ЕООД', '104693344', '104693344', 1),
('eik:104693344', 'Фирма Мок 83 ЕООД', '104693344', '104693344', 1),
('eik:104693344', 'Фирма Мок 84 ЕООД', '104693344', '104693344', 1),
('eik:104693344', 'Фирма Мок 85 ЕООД', '104693344', '104693344', 1),
('eik:104693344', 'Фирма Мок 86 ЕООД', '104693344', '104693344', 1),
('eik:104693344', 'Фирма Мок 87 ЕООД', '104693344', '104693344', 1),
('eik:104693344', 'Фирма Мок 88 ЕООД', '104693344', '104693344', 1),
('eik:104693344', 'Фирма Мок 89 ЕООД', '104693344', '104693344', 1),
('eik:104693344', 'Фирма Мок 90 ЕООД', '104693344', '104693344', 1),
('eik:104693344', 'Фирма Мок 91 ЕООД', '104693344', '104693344', 1),
('eik:104693344', 'Фирма Мок 92 ЕООД', '104693344', '104693344', 1),
('eik:104693344', 'Фирма Мок 93 ЕООД', '104693344', '104693344', 1),
('eik:104693344', 'Фирма Мок 94 ЕООД', '104693344', '104693344', 1),
('eik:104693344', 'Фирма Мок 95 ЕООД', '104693344', '104693344', 1),
('eik:104693344', 'Фирма Мок 96 ЕООД', '104693344', '104693344', 1),
('eik:104693344', 'Фирма Мок 97 ЕООД', '104693344', '104693344', 1),
('eik:104693344', 'Фирма Мок 98 ЕООД', '104693344', '104693344', 1),
('eik:104693344', 'Фирма Мок 99 ЕООД', '104693344', '104693344', 1),
('eik:104693344', 'Фирма Мок 100 ЕООД', '104693344', '104693344', 1);

INSERT OR IGNORE INTO contracts
  (id, tender_id, bidder_id, amount, currency, signed_at, contract_number, signing_value, current_value, annex_count, eu_funded, amount_eur, signing_value_eur, current_value_eur, lot_id, contract_subject)
VALUES
('c:mock-1', 'tender-mock-1', 'eik:104693344', 332313.3, 'BGN', '2026-03-01', 'Д-МОК-1/2026', 332313.3, 332313.3, 0, 1, 169909.0923035233, 169909.0923035233, 169909.0923035233, NULL, 'Договор за поръчка 1'),
('c:mock-2', 'tender-mock-2', 'eik:104693344', 2637650.7, 'BGN', '2026-03-01', 'Д-МОК-2/2026', 2637650.7, 2637650.7, 0, 0, 1348609.3883415225, 1348609.3883415225, 1348609.3883415225, NULL, 'Договор за поръчка 2'),
('c:mock-3', 'tender-mock-3', 'eik:104693344', 2842515.9, 'BGN', '2026-03-01', 'Д-МОК-3/2026', 2842515.9, 2842515.9, 0, 1, 1453355.3018411621, 1453355.3018411621, 1453355.3018411621, 'lot-AOP-MOCK-3-1', 'Договор за поръчка 3'),
('c:mock-4', 'tender-mock-4', 'eik:104693344', 2171920.5, 'BGN', '2026-03-01', 'Д-МОК-4/2026', 2171920.5, 2171920.5, 0, 0, 1110485.3182536315, 1110485.3182536315, 1110485.3182536315, NULL, 'Договор за поръчка 4'),
('c:mock-5', 'tender-mock-5', 'eik:104693344', 3440832.3000000003, 'BGN', '2026-03-01', 'Д-МОК-5/2026', 3440832.3000000003, 3784915.5300000007, 1, 1, 1935196.5815024828, 1759269.6195477115, 1935196.5815024828, NULL, 'Договор за поръчка 5'),
('c:mock-6', 'tender-mock-6', 'eik:104693344', 3659065.2, 'BGN', '2026-03-01', 'Д-МОК-6/2026', 3659065.2, 3659065.2, 0, 0, 1870850.3295276177, 1870850.3295276177, 1870850.3295276177, 'lot-AOP-MOCK-6-1', 'Договор за поръчка 6'),
('c:mock-7', 'tender-mock-7', 'eik:104693344', 1343066.4000000001, 'BGN', '2026-03-01', 'Д-МОК-7/2026', 1343066.4000000001, 1343066.4000000001, 0, 1, 686698.9462274329, 686698.9462274329, 686698.9462274329, NULL, 'Договор за поръчка 7'),
('c:mock-8', 'tender-mock-8', 'eik:104693344', 4325831.100000001, 'BGN', '2026-03-01', 'Д-МОК-8/2026', 4325831.100000001, 4325831.100000001, 0, 0, 2211762.3208561074, 2211762.3208561074, 2211762.3208561074, NULL, 'Договор за поръчка 8'),
('c:mock-9', 'tender-mock-9', 'eik:104693344', 4015334.7, 'BGN', '2026-03-01', 'Д-МОК-9/2026', 4015334.7, 4015334.7, 0, 1, 2053008.0323954537, 2053008.0323954537, 2053008.0323954537, 'lot-AOP-MOCK-9-1', 'Договор за поръчка 9'),
('c:mock-10', 'tender-mock-10', 'eik:104693344', 830367.9, 'BGN', '2026-03-01', 'Д-МОК-10/2026', 830367.9, 913404.6900000001, 1, 0, 467016.40224354883, 424560.36567595345, 467016.40224354883, NULL, 'Договор за поръчка 10'),
('c:mock-11', 'tender-mock-11', 'eik:104693344', 70477.2, 'BGN', '2026-03-01', 'Д-МОК-11/2026', 70477.2, 70477.2, 0, 1, 36034.42016944213, 36034.42016944213, 36034.42016944213, NULL, 'Договор за поръчка 11'),
('c:mock-12', 'tender-mock-12', 'eik:104693344', 1902746.7, 'BGN', '2026-03-01', 'Д-МОК-12/2026', 1902746.7, 1902746.7, 0, 0, 972858.9396828967, 972858.9396828967, 972858.9396828967, 'lot-AOP-MOCK-12-1', 'Договор за поръчка 12'),
('c:mock-13', 'tender-mock-13', 'eik:104693344', 3587727.6, 'BGN', '2026-03-01', 'Д-МОК-13/2026', 3587727.6, 3587727.6, 0, 1, 1834375.9938235942, 1834375.9938235942, 1834375.9938235942, NULL, 'Договор за поръчка 13'),
('c:mock-14', 'tender-mock-14', 'eik:104693344', 1345267.8, 'BGN', '2026-03-01', 'Д-МОК-14/2026', 1345267.8, 1345267.8, 0, 0, 687824.5041746983, 687824.5041746983, 687824.5041746983, NULL, 'Договор за поръчка 14'),
('c:mock-15', 'tender-mock-15', 'eik:104693344', 3171772.8000000003, 'BGN', '2026-03-01', 'Д-МОК-15/2026', 3171772.8000000003, 3488950.0800000005, 1, 1, 1783871.8498028973, 1621701.6816389975, 1783871.8498028973, 'lot-AOP-MOCK-15-1', 'Договор за поръчка 15'),
('c:mock-16', 'tender-mock-16', 'eik:104693344', 3730065.3000000003, 'BGN', '2026-03-01', 'Д-МОК-16/2026', 3730065.3000000003, 3730065.3000000003, 0, 0, 1907152.1042217372, 1907152.1042217372, 1907152.1042217372, NULL, 'Договор за поръчка 16'),
('c:mock-17', 'tender-mock-17', 'eik:104693344', 1797453.9000000001, 'BGN', '2026-03-01', 'Д-МОК-17/2026', 1797453.9000000001, 1797453.9000000001, 0, 1, 919023.5858944796, 919023.5858944796, 919023.5858944796, NULL, 'Договор за поръчка 17'),
('c:mock-18', 'tender-mock-18', 'eik:104693344', 1787647.5, 'BGN', '2026-03-01', 'Д-МОК-18/2026', 1787647.5, 1787647.5, 0, 0, 914009.653190717, 914009.653190717, 914009.653190717, 'lot-AOP-MOCK-18-1', 'Договор за поръчка 18'),
('c:mock-19', 'tender-mock-19', 'eik:104693344', 4134881.7, 'BGN', '2026-03-01', 'Д-МОК-19/2026', 4134881.7, 4134881.7, 0, 1, 2114131.442916818, 2114131.442916818, 2114131.442916818, NULL, 'Договор за поръчка 19'),
('c:mock-20', 'tender-mock-20', 'eik:104693344', 2539549.8000000003, 'BGN', '2026-03-01', 'Д-МОК-20/2026', 2539549.8000000003, 2793504.7800000007, 1, 0, 1428296.314096829, 1298451.1946334806, 1428296.314096829, NULL, 'Договор за поръчка 20'),
('c:mock-21', 'tender-mock-21', 'eik:104693344', 3721218.3000000003, 'BGN', '2026-03-01', 'Д-МОК-21/2026', 3721218.3000000003, 3721218.3000000003, 0, 1, 1902628.7049487943, 1902628.7049487943, 1902628.7049487943, 'lot-AOP-MOCK-21-1', 'Договор за поръчка 21'),
('c:mock-22', 'tender-mock-22', 'eik:104693344', 442481.4, 'BGN', '2026-03-01', 'Д-МОК-22/2026', 442481.4, 442481.4, 0, 0, 226237.14740033646, 226237.14740033646, 226237.14740033646, NULL, 'Договор за поръчка 22'),
('c:mock-23', 'tender-mock-23', 'eik:104693344', 2643420.6, 'BGN', '2026-03-01', 'Д-МОК-23/2026', 2643420.6, 2643420.6, 0, 1, 1351559.4913668367, 1351559.4913668367, 1351559.4913668367, NULL, 'Договор за поръчка 23'),
('c:mock-24', 'tender-mock-24', 'eik:104693344', 2747216.7, 'BGN', '2026-03-01', 'Д-МОК-24/2026', 2747216.7, 2747216.7, 0, 0, 1404629.5945966674, 1404629.5945966674, 1404629.5945966674, 'lot-AOP-MOCK-24-1', 'Договор за поръчка 24'),
('c:mock-25', 'tender-mock-25', 'eik:104693344', 2015523, 'BGN', '2026-03-01', 'Д-МОК-25/2026', 2015523, 2217075.3000000003, 1, 1, 1133572.6008906707, 1030520.5462642459, 1133572.6008906707, NULL, 'Договор за поръчка 25'),
('c:mock-26', 'tender-mock-26', 'eik:104693344', 4197819.600000001, 'BGN', '2026-03-01', 'Д-МОК-26/2026', 4197819.600000001, 4197819.600000001, 0, 0, 2146311.080206358, 2146311.080206358, 2146311.080206358, NULL, 'Договор за поръчка 26'),
('c:mock-27', 'tender-mock-27', 'eik:104693344', 2411766, 'BGN', '2026-03-01', 'Д-МОК-27/2026', 2411766, 2411766, 0, 1, 1233116.375145079, 1233116.375145079, 1233116.375145079, 'lot-AOP-MOCK-27-1', 'Договор за поръчка 27'),
('c:mock-28', 'tender-mock-28', 'eik:104693344', 3348620.1, 'BGN', '2026-03-01', 'Д-МОК-28/2026', 3348620.1, 3348620.1, 0, 0, 1712122.2703404694, 1712122.2703404694, 1712122.2703404694, NULL, 'Договор за поръчка 28'),
('c:mock-29', 'tender-mock-29', 'eik:104693344', 2634354, 'BGN', '2026-03-01', 'Д-МОК-29/2026', 2634354, 2634354, 0, 1, 1346923.812396783, 1346923.812396783, 1346923.812396783, NULL, 'Договор за поръчка 29'),
('c:mock-30', 'tender-mock-30', 'eik:104693344', 4292857.8, 'BGN', '2026-03-01', 'Д-МОК-30/2026', 4292857.8, 4722143.58, 1, 0, 2414393.674296846, 2194903.34026986, 2414393.674296846, 'lot-AOP-MOCK-30-1', 'Договор за поръчка 30'),
('c:mock-31', 'tender-mock-31', 'eik:104693344', 2405426.4, 'BGN', '2026-03-01', 'Д-МОК-31/2026', 2405426.4, 2405426.4, 0, 1, 1229874.9891350474, 1229874.9891350474, 1229874.9891350474, NULL, 'Договор за поръчка 31'),
('c:mock-32', 'tender-mock-32', 'eik:104693344', 4480844.4, 'BGN', '2026-03-01', 'Д-МОК-32/2026', 4480844.4, 4480844.4, 0, 0, 2291019.362623541, 2291019.362623541, 2291019.362623541, NULL, 'Договор за поръчка 32'),
('c:mock-33', 'tender-mock-33', 'eik:104693344', 3114008.1, 'BGN', '2026-03-01', 'Д-МОК-33/2026', 3114008.1, 3114008.1, 0, 1, 1592167.0595092622, 1592167.0595092622, 1592167.0595092622, 'lot-AOP-MOCK-33-1', 'Договор за поръчка 33'),
('c:mock-34', 'tender-mock-34', 'eik:104693344', 2667393, 'BGN', '2026-03-01', 'Д-МОК-34/2026', 2667393, 2667393, 0, 0, 1363816.3848596248, 1363816.3848596248, 1363816.3848596248, NULL, 'Договор за поръчка 34'),
('c:mock-35', 'tender-mock-35', 'eik:104693344', 3150318.6, 'BGN', '2026-03-01', 'Д-МОК-35/2026', 3150318.6, 3465350.4600000004, 1, 1, 1771805.5556975813, 1610732.3233614375, 1771805.5556975813, NULL, 'Договор за поръчка 35'),
('c:mock-36', 'tender-mock-36', 'eik:104693344', 1620899.1, 'BGN', '2026-03-01', 'Д-МОК-36/2026', 1620899.1, 1620899.1, 0, 0, 828752.5500682575, 828752.5500682575, 828752.5500682575, 'lot-AOP-MOCK-36-1', 'Договор за поръчка 36'),
('c:mock-37', 'tender-mock-37', 'eik:104693344', 3452545.8000000003, 'BGN', '2026-03-01', 'Д-МОК-37/2026', 3452545.8000000003, 3452545.8000000003, 0, 1, 1765258.6369981032, 1765258.6369981032, 1765258.6369981032, NULL, 'Договор за поръчка 37'),
('c:mock-38', 'tender-mock-38', 'eik:104693344', 4214470.5, 'BGN', '2026-03-01', 'Д-МОК-38/2026', 4214470.5, 4214470.5, 0, 0, 2154824.5501909675, 2154824.5501909675, 2154824.5501909675, NULL, 'Договор за поръчка 38'),
('c:mock-39', 'tender-mock-39', 'eik:104693344', 3501264.6, 'BGN', '2026-03-01', 'Д-МОК-39/2026', 3501264.6, 3501264.6, 0, 1, 1790168.1638997255, 1790168.1638997255, 1790168.1638997255, 'lot-AOP-MOCK-39-1', 'Договор за поръчка 39'),
('c:mock-40', 'tender-mock-40', 'eik:104693344', 3977665.2, 'BGN', '2026-03-01', 'Д-МОК-40/2026', 3977665.2, 4375431.720000001, 1, 0, 2237122.715164406, 2033747.922876733, 2237122.715164406, NULL, 'Договор за поръчка 40'),
('c:mock-41', 'tender-mock-41', 'eik:104693344', 189886.5, 'BGN', '2026-03-01', 'Д-МОК-41/2026', 189886.5, 189886.5, 0, 1, 97087.42579876575, 97087.42579876575, 97087.42579876575, NULL, 'Договор за поръчка 41'),
('c:mock-42', 'tender-mock-42', 'eik:104693344', 1036925.1, 'BGN', '2026-03-01', 'Д-МОК-42/2026', 1036925.1, 1036925.1, 0, 0, 530171.385038577, 530171.385038577, 530171.385038577, 'lot-AOP-MOCK-42-1', 'Договор за поръчка 42'),
('c:mock-43', 'tender-mock-43', 'eik:104693344', 658126.8, 'BGN', '2026-03-01', 'Д-МОК-43/2026', 658126.8, 658126.8, 0, 1, 336494.8896376475, 336494.8896376475, 336494.8896376475, NULL, 'Договор за поръчка 43'),
('c:mock-44', 'tender-mock-44', 'eik:104693344', 4457450.7, 'BGN', '2026-03-01', 'Д-МОК-44/2026', 4457450.7, 4457450.7, 0, 0, 2279058.353742401, 2279058.353742401, 2279058.353742401, NULL, 'Договор за поръчка 44'),
('c:mock-45', 'tender-mock-45', 'eik:104693344', 4012872.3000000003, 'BGN', '2026-03-01', 'Д-МОК-45/2026', 4012872.3000000003, 4414159.53, 1, 1, 2256923.929993916, 2051749.0272671962, 2256923.929993916, 'lot-AOP-MOCK-45-1', 'Договор за поръчка 45'),
('c:mock-46', 'tender-mock-46', 'eik:104693344', 3098202.3000000003, 'BGN', '2026-03-01', 'Д-МОК-46/2026', 3098202.3000000003, 3098202.3000000003, 0, 0, 1584085.682293451, 1584085.682293451, 1584085.682293451, NULL, 'Договор за поръчка 46'),
('c:mock-47', 'tender-mock-47', 'eik:104693344', 4098898.8000000003, 'BGN', '2026-03-01', 'Д-МОК-47/2026', 4098898.8000000003, 4098898.8000000003, 0, 1, 2095733.6782849226, 2095733.6782849226, 2095733.6782849226, NULL, 'Договор за поръчка 47'),
('c:mock-48', 'tender-mock-48', 'eik:104693344', 3266481.6, 'BGN', '2026-03-01', 'Д-МОК-48/2026', 3266481.6, 3266481.6, 0, 0, 1670125.5221568337, 1670125.5221568337, 1670125.5221568337, 'lot-AOP-MOCK-48-1', 'Договор за поръчка 48'),
('c:mock-49', 'tender-mock-49', 'eik:104693344', 4383309.600000001, 'BGN', '2026-03-01', 'Д-МОК-49/2026', 4383309.600000001, 4383309.600000001, 0, 1, 2241150.611249444, 2241150.611249444, 2241150.611249444, NULL, 'Договор за поръчка 49'),
('c:mock-50', 'tender-mock-50', 'eik:104693344', 2153826.9, 'BGN', '2026-03-01', 'Д-МОК-50/2026', 2153826.9, 2369209.5900000003, 1, 0, 1211357.6282192217, 1101234.2074720196, 1211357.6282192217, NULL, 'Договор за поръчка 50'),
('c:mock-51', 'tender-mock-51', 'eik:104693344', 1834425, 'BGN', '2026-03-01', 'Д-МОК-51/2026', 1834425, 1834425, 0, 1, 937926.6091633731, 937926.6091633731, 937926.6091633731, 'lot-AOP-MOCK-51-1', 'Договор за поръчка 51'),
('c:mock-52', 'tender-mock-52', 'eik:104693344', 3527226, 'BGN', '2026-03-01', 'Д-МОК-52/2026', 3527226, 3527226, 0, 0, 1803442.016944213, 1803442.016944213, 1803442.016944213, NULL, 'Договор за поръчка 52'),
('c:mock-53', 'tender-mock-53', 'eik:104693344', 1474190.1, 'BGN', '2026-03-01', 'Д-МОК-53/2026', 1474190.1, 1474190.1, 0, 1, 753741.4294698415, 753741.4294698415, 753741.4294698415, NULL, 'Договор за поръчка 53'),
('c:mock-54', 'tender-mock-54', 'eik:104693344', 906877.8, 'BGN', '2026-03-01', 'Д-МОК-54/2026', 906877.8, 906877.8, 0, 0, 463679.256377088, 463679.256377088, 463679.256377088, 'lot-AOP-MOCK-54-1', 'Договор за поръчка 54'),
('c:mock-55', 'tender-mock-55', 'eik:104693344', 2835373.5, 'BGN', '2026-03-01', 'Д-МОК-55/2026', 2835373.5, 3118910.85, 1, 1, 1594673.7957797968, 1449703.4507089062, 1594673.7957797968, NULL, 'Договор за поръчка 55'),
('c:mock-56', 'tender-mock-56', 'eik:104693344', 4102495.2, 'BGN', '2026-03-01', 'Д-МОК-56/2026', 4102495.2, 4102495.2, 0, 0, 2097572.4884064565, 2097572.4884064565, 2097572.4884064565, NULL, 'Договор за поръчка 56'),
('c:mock-57', 'tender-mock-57', 'eik:104693344', 4191845.4, 'BGN', '2026-03-01', 'Д-МОК-57/2026', 4191845.4, 4191845.4, 0, 1, 2143256.520249715, 2143256.520249715, 2143256.520249715, 'lot-AOP-MOCK-57-1', 'Договор за поръчка 57'),
('c:mock-58', 'tender-mock-58', 'eik:104693344', 3207796.2, 'BGN', '2026-03-01', 'Д-МОК-58/2026', 3207796.2, 3207796.2, 0, 0, 1640120.1535920813, 1640120.1535920813, 1640120.1535920813, NULL, 'Договор за поръчка 58'),
('c:mock-59', 'tender-mock-59', 'eik:104693344', 4446233.100000001, 'BGN', '2026-03-01', 'Д-МОК-59/2026', 4446233.100000001, 4446233.100000001, 0, 1, 2273322.8859358947, 2273322.8859358947, 2273322.8859358947, NULL, 'Договор за поръчка 59'),
('c:mock-60', 'tender-mock-60', 'eik:104693344', 1706182.2, 'BGN', '2026-03-01', 'Д-МОК-60/2026', 1706182.2, 1876800.4200000002, 1, 0, 959592.817371653, 872357.1067015027, 959592.817371653, 'lot-AOP-MOCK-60-1', 'Договор за поръчка 60'),
('c:mock-61', 'tender-mock-61', 'eik:104693344', 3165218.1, 'BGN', '2026-03-01', 'Д-МОК-61/2026', 3165218.1, 3165218.1, 0, 1, 1618350.3167453206, 1618350.3167453206, 1618350.3167453206, NULL, 'Договор за поръчка 61'),
('c:mock-62', 'tender-mock-62', 'eik:104693344', 2755910.7, 'BGN', '2026-03-01', 'Д-МОК-62/2026', 2755910.7, 2755910.7, 0, 0, 1409074.7662117875, 1409074.7662117875, 1409074.7662117875, NULL, 'Договор за поръчка 62'),
('c:mock-63', 'tender-mock-63', 'eik:104693344', 2108952.9, 'BGN', '2026-03-01', 'Д-МОК-63/2026', 2108952.9, 2108952.9, 0, 1, 1078290.4955952205, 1078290.4955952205, 1078290.4955952205, 'lot-AOP-MOCK-63-1', 'Договор за поръчка 63'),
('c:mock-64', 'tender-mock-64', 'eik:104693344', 2570921.1, 'BGN', '2026-03-01', 'Д-МОК-64/2026', 2570921.1, 2570921.1, 0, 0, 1314491.0856260515, 1314491.0856260515, 1314491.0856260515, NULL, 'Договор за поръчка 64'),
('c:mock-65', 'tender-mock-65', 'eik:104693344', 835945.2000000001, 'BGN', '2026-03-01', 'Д-МОК-65/2026', 835945.2000000001, 919539.7200000002, 1, 1, 470153.19327344414, 427411.99388494913, 470153.19327344414, NULL, 'Договор за поръчка 65'),
('c:mock-66', 'tender-mock-66', 'eik:104693344', 2132067.6, 'BGN', '2026-03-01', 'Д-МОК-66/2026', 2132067.6, 2132067.6, 0, 0, 1090108.8540415068, 1090108.8540415068, 1090108.8540415068, 'lot-AOP-MOCK-66-1', 'Договор за поръчка 66'),
('c:mock-67', 'tender-mock-67', 'eik:104693344', 903869.1, 'BGN', '2026-03-01', 'Д-МОК-67/2026', 903869.1, 903869.1, 0, 1, 462140.9324941329, 462140.9324941329, 462140.9324941329, NULL, 'Договор за поръчка 67'),
('c:mock-68', 'tender-mock-68', 'eik:104693344', 2576493, 'BGN', '2026-03-01', 'Д-МОК-68/2026', 2576493, 2576493, 0, 0, 1317339.9528588885, 1317339.9528588885, 1317339.9528588885, NULL, 'Договор за поръчка 68'),
('c:mock-69', 'tender-mock-69', 'eik:104693344', 2940604.2, 'BGN', '2026-03-01', 'Д-МОК-69/2026', 2940604.2, 2940604.2, 0, 1, 1503507.0532715013, 1503507.0532715013, 1503507.0532715013, 'lot-AOP-MOCK-69-1', 'Договор за поръчка 69'),
('c:mock-70', 'tender-mock-70', 'eik:104693344', 2053038.6, 'BGN', '2026-03-01', 'Д-МОК-70/2026', 2053038.6, 2258342.4600000004, 1, 0, 1154672.164758696, 1049701.9679624508, 1154672.164758696, NULL, 'Договор за поръчка 70'),
('c:mock-71', 'tender-mock-71', 'eik:104693344', 2183157, 'BGN', '2026-03-01', 'Д-МОК-71/2026', 2183157, 2183157, 0, 1, 1116230.4494766928, 1116230.4494766928, 1116230.4494766928, NULL, 'Договор за поръчка 71'),
('c:mock-72', 'tender-mock-72', 'eik:104693344', 2164481.1, 'BGN', '2026-03-01', 'Д-МОК-72/2026', 2164481.1, 2164481.1, 0, 0, 1106681.6134326605, 1106681.6134326605, 1106681.6134326605, 'lot-AOP-MOCK-72-1', 'Договор за поръчка 72'),
('c:mock-73', 'tender-mock-73', 'eik:104693344', 4405225.5, 'BGN', '2026-03-01', 'Д-МОК-73/2026', 4405225.5, 4405225.5, 0, 1, 2252356.032988552, 2252356.032988552, 2252356.032988552, NULL, 'Договор за поръчка 73'),
('c:mock-74', 'tender-mock-74', 'eik:104693344', 3893596.2, 'BGN', '2026-03-01', 'Д-МОК-74/2026', 3893596.2, 3893596.2, 0, 0, 1990764.1257164478, 1990764.1257164478, 1990764.1257164478, NULL, 'Договор за поръчка 74'),
('c:mock-75', 'tender-mock-75', 'eik:104693344', 1701200.7, 'BGN', '2026-03-01', 'Д-МОК-75/2026', 1701200.7, 1871320.77, 1, 1, 956791.1168148562, 869810.1061953238, 956791.1168148562, 'lot-AOP-MOCK-75-1', 'Договор за поръчка 75'),
('c:mock-76', 'tender-mock-76', 'eik:104693344', 2492505, 'BGN', '2026-03-01', 'Д-МОК-76/2026', 2492505, 2492505, 0, 0, 1274397.5703409805, 1274397.5703409805, 1274397.5703409805, NULL, 'Договор за поръчка 76'),
('c:mock-77', 'tender-mock-77', 'eik:104693344', 869858.1, 'BGN', '2026-03-01', 'Д-МОК-77/2026', 869858.1, 869858.1, 0, 1, 444751.3843227683, 444751.3843227683, 444751.3843227683, NULL, 'Договор за поръчка 77'),
('c:mock-78', 'tender-mock-78', 'eik:104693344', 3565614.6, 'BGN', '2026-03-01', 'Д-МОК-78/2026', 3565614.6, 3565614.6, 0, 0, 1823069.7964547023, 1823069.7964547023, 1823069.7964547023, 'lot-AOP-MOCK-78-1', 'Договор за поръчка 78'),
('c:mock-79', 'tender-mock-79', 'eik:104693344', 2423972.7, 'BGN', '2026-03-01', 'Д-МОК-79/2026', 2423972.7, 2423972.7, 0, 1, 1239357.5617512772, 1239357.5617512772, 1239357.5617512772, NULL, 'Договор за поръчка 79'),
('c:mock-80', 'tender-mock-80', 'eik:104693344', 1312365.6, 'BGN', '2026-03-01', 'Д-МОК-80/2026', 1312365.6, 1443602.1600000001, 1, 0, 738102.0640853245, 671001.8764412041, 738102.0640853245, NULL, 'Договор за поръчка 80'),
('c:mock-81', 'tender-mock-81', 'eik:104693344', 736082.1, 'BGN', '2026-03-01', 'Д-МОК-81/2026', 736082.1, 736082.1, 0, 1, 376352.801623863, 376352.801623863, 376352.801623863, 'lot-AOP-MOCK-81-1', 'Договор за поръчка 81'),
('c:mock-82', 'tender-mock-82', 'eik:104693344', 2828358, 'BGN', '2026-03-01', 'Д-МОК-82/2026', 2828358, 2828358, 0, 0, 1446116.4825163742, 1446116.4825163742, 1446116.4825163742, NULL, 'Договор за поръчка 82'),
('c:mock-83', 'tender-mock-83', 'eik:104693344', 4083528.6, 'BGN', '2026-03-01', 'Д-МОК-83/2026', 4083528.6, 4083528.6, 0, 1, 2087875.0198125604, 2087875.0198125604, 2087875.0198125604, NULL, 'Договор за поръчка 83'),
('c:mock-84', 'tender-mock-84', 'eik:104693344', 955989, 'BGN', '2026-03-01', 'Д-МОК-84/2026', 955989, 955989, 0, 0, 488789.4142128917, 488789.4142128917, 488789.4142128917, 'lot-AOP-MOCK-84-1', 'Договор за поръчка 84'),
('c:mock-85', 'tender-mock-85', 'eik:104693344', 1064714.4000000001, 'BGN', '2026-03-01', 'Д-МОК-85/2026', 1064714.4000000001, 1171185.8400000003, 1, 1, 598817.8113639735, 544379.8285127032, 598817.8113639735, NULL, 'Договор за поръчка 85'),
('c:mock-86', 'tender-mock-86', 'eik:104693344', 843363.9, 'BGN', '2026-03-01', 'Д-МОК-86/2026', 843363.9, 843363.9, 0, 0, 431205.1149639795, 431205.1149639795, 431205.1149639795, NULL, 'Договор за поръчка 86'),
('c:mock-87', 'tender-mock-87', 'eik:104693344', 2596113, 'BGN', '2026-03-01', 'Д-МОК-87/2026', 2596113, 2596113, 0, 1, 1327371.4995679583, 1327371.4995679583, 1327371.4995679583, 'lot-AOP-MOCK-87-1', 'Договор за поръчка 87'),
('c:mock-88', 'tender-mock-88', 'eik:104693344', 4399425.9, 'BGN', '2026-03-01', 'Д-МОК-88/2026', 4399425.9, 4399425.9, 0, 0, 2249390.7445943668, 2249390.7445943668, 2249390.7445943668, NULL, 'Договор за поръчка 88'),
('c:mock-89', 'tender-mock-89', 'eik:104693344', 914818.5, 'BGN', '2026-03-01', 'Д-МОК-89/2026', 914818.5, 914818.5, 0, 1, 467739.2718181028, 467739.2718181028, 467739.2718181028, NULL, 'Договор за поръчка 89'),
('c:mock-90', 'tender-mock-90', 'eik:104693344', 280125, 'BGN', '2026-03-01', 'Д-МОК-90/2026', 280125, 308137.5, 1, 0, 157548.2020420998, 143225.6382200907, 157548.2020420998, 'lot-AOP-MOCK-90-1', 'Договор за поръчка 90'),
('c:mock-91', 'tender-mock-91', 'eik:104693344', 4096338.3000000003, 'BGN', '2026-03-01', 'Д-МОК-91/2026', 4096338.3000000003, 4096338.3000000003, 0, 1, 2094424.5154231198, 2094424.5154231198, 2094424.5154231198, NULL, 'Договор за поръчка 91'),
('c:mock-92', 'tender-mock-92', 'eik:104693344', 1949737.5, 'BGN', '2026-03-01', 'Д-МОК-92/2026', 1949737.5, 1949737.5, 0, 0, 996884.954213812, 996884.954213812, 996884.954213812, NULL, 'Договор за поръчка 92'),
('c:mock-93', 'tender-mock-93', 'eik:104693344', 1672365.6, 'BGN', '2026-03-01', 'Д-МОК-93/2026', 1672365.6, 1672365.6, 0, 1, 855066.9536718427, 855066.9536718427, 855066.9536718427, 'lot-AOP-MOCK-93-1', 'Договор за поръчка 93'),
('c:mock-94', 'tender-mock-94', 'eik:104693344', 1141299, 'BGN', '2026-03-01', 'Д-МОК-94/2026', 1141299, 1141299, 0, 0, 583536.912717363, 583536.912717363, 583536.912717363, NULL, 'Договор за поръчка 94'),
('c:mock-95', 'tender-mock-95', 'eik:104693344', 2221285.5, 'BGN', '2026-03-01', 'Д-МОК-95/2026', 2221285.5, 2443414.0500000003, 1, 1, 1249297.7661657713, 1135725.2419688827, 1249297.7661657713, NULL, 'Договор за поръчка 95'),
('c:mock-96', 'tender-mock-96', 'eik:104693344', 3463970.4, 'BGN', '2026-03-01', 'Д-МОК-96/2026', 3463970.4, 3463970.4, 0, 0, 1771099.9422240173, 1771099.9422240173, 1771099.9422240173, 'lot-AOP-MOCK-96-1', 'Договор за поръчка 96'),
('c:mock-97', 'tender-mock-97', 'eik:104693344', 608855.4, 'BGN', '2026-03-01', 'Д-МОК-97/2026', 608855.4, 608855.4, 0, 1, 311302.8228424761, 311302.8228424761, 311302.8228424761, NULL, 'Договор за поръчка 97'),
('c:mock-98', 'tender-mock-98', 'eik:104693344', 922477.5, 'BGN', '2026-03-01', 'Д-МОК-98/2026', 922477.5, 922477.5, 0, 0, 471655.2563361846, 471655.2563361846, 471655.2563361846, NULL, 'Договор за поръчка 98'),
('c:mock-99', 'tender-mock-99', 'eik:104693344', 3415800.6, 'BGN', '2026-03-01', 'Д-МОК-99/2026', 3415800.6, 3415800.6, 0, 1, 1746471.114565172, 1746471.114565172, 1746471.114565172, 'lot-AOP-MOCK-99-1', 'Договор за поръчка 99'),
('c:mock-100', 'tender-mock-100', 'eik:104693344', 1457749.8, 'BGN', '2026-03-01', 'Д-МОК-100/2026', 1457749.8, 1603524.7800000003, 1, 0, 819869.2013109525, 745335.6375554113, 819869.2013109525, NULL, 'Договор за поръчка 100');

INSERT OR IGNORE INTO amendments
  (id, natural_key, contract_number, unp, value_before, value_after, value_delta, currency, published_at, source)
VALUES
('amend-5', 'natural-5', 'Д-МОК-5/2026', 'AOP-MOCK-5', 3440832.3000000003, 3784915.5300000007, 344083.23000000045, 'BGN', '2026-04-01', 'mock-source'),
('amend-10', 'natural-10', 'Д-МОК-10/2026', 'AOP-MOCK-10', 830367.9, 913404.6900000001, 83036.79000000004, 'BGN', '2026-04-01', 'mock-source'),
('amend-15', 'natural-15', 'Д-МОК-15/2026', 'AOP-MOCK-15', 3171772.8000000003, 3488950.0800000005, 317177.28000000026, 'BGN', '2026-04-01', 'mock-source'),
('amend-20', 'natural-20', 'Д-МОК-20/2026', 'AOP-MOCK-20', 2539549.8000000003, 2793504.7800000007, 253954.98000000045, 'BGN', '2026-04-01', 'mock-source'),
('amend-25', 'natural-25', 'Д-МОК-25/2026', 'AOP-MOCK-25', 2015523, 2217075.3000000003, 201552.30000000028, 'BGN', '2026-04-01', 'mock-source'),
('amend-30', 'natural-30', 'Д-МОК-30/2026', 'AOP-MOCK-30', 4292857.8, 4722143.58, 429285.78000000026, 'BGN', '2026-04-01', 'mock-source'),
('amend-35', 'natural-35', 'Д-МОК-35/2026', 'AOP-MOCK-35', 3150318.6, 3465350.4600000004, 315031.86000000034, 'BGN', '2026-04-01', 'mock-source'),
('amend-40', 'natural-40', 'Д-МОК-40/2026', 'AOP-MOCK-40', 3977665.2, 4375431.720000001, 397766.5200000005, 'BGN', '2026-04-01', 'mock-source'),
('amend-45', 'natural-45', 'Д-МОК-45/2026', 'AOP-MOCK-45', 4012872.3000000003, 4414159.53, 401287.23, 'BGN', '2026-04-01', 'mock-source'),
('amend-50', 'natural-50', 'Д-МОК-50/2026', 'AOP-MOCK-50', 2153826.9, 2369209.5900000003, 215382.6900000004, 'BGN', '2026-04-01', 'mock-source'),
('amend-55', 'natural-55', 'Д-МОК-55/2026', 'AOP-MOCK-55', 2835373.5, 3118910.85, 283537.3500000001, 'BGN', '2026-04-01', 'mock-source'),
('amend-60', 'natural-60', 'Д-МОК-60/2026', 'AOP-MOCK-60', 1706182.2, 1876800.4200000002, 170618.2200000002, 'BGN', '2026-04-01', 'mock-source'),
('amend-65', 'natural-65', 'Д-МОК-65/2026', 'AOP-MOCK-65', 835945.2000000001, 919539.7200000002, 83594.52000000014, 'BGN', '2026-04-01', 'mock-source'),
('amend-70', 'natural-70', 'Д-МОК-70/2026', 'AOP-MOCK-70', 2053038.6, 2258342.4600000004, 205303.86000000034, 'BGN', '2026-04-01', 'mock-source'),
('amend-75', 'natural-75', 'Д-МОК-75/2026', 'AOP-MOCK-75', 1701200.7, 1871320.77, 170120.07000000007, 'BGN', '2026-04-01', 'mock-source'),
('amend-80', 'natural-80', 'Д-МОК-80/2026', 'AOP-MOCK-80', 1312365.6, 1443602.1600000001, 131236.56000000006, 'BGN', '2026-04-01', 'mock-source'),
('amend-85', 'natural-85', 'Д-МОК-85/2026', 'AOP-MOCK-85', 1064714.4000000001, 1171185.8400000003, 106471.44000000018, 'BGN', '2026-04-01', 'mock-source'),
('amend-90', 'natural-90', 'Д-МОК-90/2026', 'AOP-MOCK-90', 280125, 308137.5, 28012.5, 'BGN', '2026-04-01', 'mock-source'),
('amend-95', 'natural-95', 'Д-МОК-95/2026', 'AOP-MOCK-95', 2221285.5, 2443414.0500000003, 222128.55000000028, 'BGN', '2026-04-01', 'mock-source'),
('amend-100', 'natural-100', 'Д-МОК-100/2026', 'AOP-MOCK-100', 1457749.8, 1603524.7800000003, 145774.9800000002, 'BGN', '2026-04-01', 'mock-source');

INSERT OR IGNORE INTO parties
  (party_key, eik, source, ocid, party_id, name, street_address, locality, region_nuts, contact_email, contact_phone)
VALUES
('party-auth-1', '100000001', 'mock', null, null, 'Община Мок-1', 'Ул. Тест 1', 'Пловдив', 'BG421', 'contact@mock1.bg', '0888000001'),
('party-bidder-1', '104693344', 'mock', null, null, 'Фирма Мок 1 ЕООД', 'Бул. Бизнес 1', 'Пловдив', 'BG421', 'office@mock-company1.bg', '0899000001'),
('party-auth-2', '100000002', 'mock', null, null, 'Община Мок-2', 'Ул. Тест 2', 'Варна', 'BG331', 'contact@mock2.bg', '0888000002'),
('party-bidder-2', '104693344', 'mock', null, null, 'Фирма Мок 2 ЕООД', 'Бул. Бизнес 2', 'Варна', 'BG331', 'office@mock-company2.bg', '0899000002'),
('party-auth-3', '100000003', 'mock', null, null, 'Община Мок-3', 'Ул. Тест 3', 'Бургас', 'BG341', 'contact@mock3.bg', '0888000003'),
('party-bidder-3', '104693344', 'mock', null, null, 'Фирма Мок 3 ЕООД', 'Бул. Бизнес 3', 'Бургас', 'BG341', 'office@mock-company3.bg', '0899000003'),
('party-auth-4', '100000004', 'mock', null, null, 'Община Мок-4', 'Ул. Тест 4', 'Русе', 'BG323', 'contact@mock4.bg', '0888000004'),
('party-bidder-4', '104693344', 'mock', null, null, 'Фирма Мок 4 ЕООД', 'Бул. Бизнес 4', 'Русе', 'BG323', 'office@mock-company4.bg', '0899000004'),
('party-auth-5', '100000005', 'mock', null, null, 'Община Мок-5', 'Ул. Тест 5', 'Стара Загора', 'BG344', 'contact@mock5.bg', '0888000005'),
('party-bidder-5', '104693344', 'mock', null, null, 'Фирма Мок 5 ЕООД', 'Бул. Бизнес 5', 'Стара Загора', 'BG344', 'office@mock-company5.bg', '0899000005'),
('party-auth-6', '100000006', 'mock', null, null, 'Община Мок-6', 'Ул. Тест 6', 'София-град', 'BG411', 'contact@mock6.bg', '0888000006'),
('party-bidder-6', '104693344', 'mock', null, null, 'Фирма Мок 6 ЕООД', 'Бул. Бизнес 6', 'София-град', 'BG411', 'office@mock-company6.bg', '0899000006'),
('party-auth-7', '100000007', 'mock', null, null, 'Община Мок-7', 'Ул. Тест 7', 'Пловдив', 'BG421', 'contact@mock7.bg', '0888000007'),
('party-bidder-7', '104693344', 'mock', null, null, 'Фирма Мок 7 ЕООД', 'Бул. Бизнес 7', 'Пловдив', 'BG421', 'office@mock-company7.bg', '0899000007'),
('party-auth-8', '100000008', 'mock', null, null, 'Община Мок-8', 'Ул. Тест 8', 'Варна', 'BG331', 'contact@mock8.bg', '0888000008'),
('party-bidder-8', '104693344', 'mock', null, null, 'Фирма Мок 8 ЕООД', 'Бул. Бизнес 8', 'Варна', 'BG331', 'office@mock-company8.bg', '0899000008'),
('party-auth-9', '100000009', 'mock', null, null, 'Община Мок-9', 'Ул. Тест 9', 'Бургас', 'BG341', 'contact@mock9.bg', '0888000009'),
('party-bidder-9', '104693344', 'mock', null, null, 'Фирма Мок 9 ЕООД', 'Бул. Бизнес 9', 'Бургас', 'BG341', 'office@mock-company9.bg', '0899000009'),
('party-auth-10', '100000010', 'mock', null, null, 'Община Мок-10', 'Ул. Тест 10', 'Русе', 'BG323', 'contact@mock10.bg', '0888000010'),
('party-bidder-10', '104693344', 'mock', null, null, 'Фирма Мок 10 ЕООД', 'Бул. Бизнес 10', 'Русе', 'BG323', 'office@mock-company10.bg', '0899000010'),
('party-auth-11', '100000011', 'mock', null, null, 'Община Мок-11', 'Ул. Тест 11', 'Стара Загора', 'BG344', 'contact@mock11.bg', '0888000011'),
('party-bidder-11', '104693344', 'mock', null, null, 'Фирма Мок 11 ЕООД', 'Бул. Бизнес 11', 'Стара Загора', 'BG344', 'office@mock-company11.bg', '0899000011'),
('party-auth-12', '100000012', 'mock', null, null, 'Община Мок-12', 'Ул. Тест 12', 'София-град', 'BG411', 'contact@mock12.bg', '0888000012'),
('party-bidder-12', '104693344', 'mock', null, null, 'Фирма Мок 12 ЕООД', 'Бул. Бизнес 12', 'София-град', 'BG411', 'office@mock-company12.bg', '0899000012'),
('party-auth-13', '100000013', 'mock', null, null, 'Община Мок-13', 'Ул. Тест 13', 'Пловдив', 'BG421', 'contact@mock13.bg', '0888000013'),
('party-bidder-13', '104693344', 'mock', null, null, 'Фирма Мок 13 ЕООД', 'Бул. Бизнес 13', 'Пловдив', 'BG421', 'office@mock-company13.bg', '0899000013'),
('party-auth-14', '100000014', 'mock', null, null, 'Община Мок-14', 'Ул. Тест 14', 'Варна', 'BG331', 'contact@mock14.bg', '0888000014'),
('party-bidder-14', '104693344', 'mock', null, null, 'Фирма Мок 14 ЕООД', 'Бул. Бизнес 14', 'Варна', 'BG331', 'office@mock-company14.bg', '0899000014'),
('party-auth-15', '100000015', 'mock', null, null, 'Община Мок-15', 'Ул. Тест 15', 'Бургас', 'BG341', 'contact@mock15.bg', '0888000015'),
('party-bidder-15', '104693344', 'mock', null, null, 'Фирма Мок 15 ЕООД', 'Бул. Бизнес 15', 'Бургас', 'BG341', 'office@mock-company15.bg', '0899000015'),
('party-auth-16', '100000016', 'mock', null, null, 'Община Мок-16', 'Ул. Тест 16', 'Русе', 'BG323', 'contact@mock16.bg', '0888000016'),
('party-bidder-16', '104693344', 'mock', null, null, 'Фирма Мок 16 ЕООД', 'Бул. Бизнес 16', 'Русе', 'BG323', 'office@mock-company16.bg', '0899000016'),
('party-auth-17', '100000017', 'mock', null, null, 'Община Мок-17', 'Ул. Тест 17', 'Стара Загора', 'BG344', 'contact@mock17.bg', '0888000017'),
('party-bidder-17', '104693344', 'mock', null, null, 'Фирма Мок 17 ЕООД', 'Бул. Бизнес 17', 'Стара Загора', 'BG344', 'office@mock-company17.bg', '0899000017'),
('party-auth-18', '100000018', 'mock', null, null, 'Община Мок-18', 'Ул. Тест 18', 'София-град', 'BG411', 'contact@mock18.bg', '0888000018'),
('party-bidder-18', '104693344', 'mock', null, null, 'Фирма Мок 18 ЕООД', 'Бул. Бизнес 18', 'София-град', 'BG411', 'office@mock-company18.bg', '0899000018'),
('party-auth-19', '100000019', 'mock', null, null, 'Община Мок-19', 'Ул. Тест 19', 'Пловдив', 'BG421', 'contact@mock19.bg', '0888000019'),
('party-bidder-19', '104693344', 'mock', null, null, 'Фирма Мок 19 ЕООД', 'Бул. Бизнес 19', 'Пловдив', 'BG421', 'office@mock-company19.bg', '0899000019'),
('party-auth-20', '100000020', 'mock', null, null, 'Община Мок-20', 'Ул. Тест 20', 'Варна', 'BG331', 'contact@mock20.bg', '0888000020'),
('party-bidder-20', '104693344', 'mock', null, null, 'Фирма Мок 20 ЕООД', 'Бул. Бизнес 20', 'Варна', 'BG331', 'office@mock-company20.bg', '0899000020'),
('party-auth-21', '100000021', 'mock', null, null, 'Община Мок-21', 'Ул. Тест 21', 'Бургас', 'BG341', 'contact@mock21.bg', '0888000021'),
('party-bidder-21', '104693344', 'mock', null, null, 'Фирма Мок 21 ЕООД', 'Бул. Бизнес 21', 'Бургас', 'BG341', 'office@mock-company21.bg', '0899000021'),
('party-auth-22', '100000022', 'mock', null, null, 'Община Мок-22', 'Ул. Тест 22', 'Русе', 'BG323', 'contact@mock22.bg', '0888000022'),
('party-bidder-22', '104693344', 'mock', null, null, 'Фирма Мок 22 ЕООД', 'Бул. Бизнес 22', 'Русе', 'BG323', 'office@mock-company22.bg', '0899000022'),
('party-auth-23', '100000023', 'mock', null, null, 'Община Мок-23', 'Ул. Тест 23', 'Стара Загора', 'BG344', 'contact@mock23.bg', '0888000023'),
('party-bidder-23', '104693344', 'mock', null, null, 'Фирма Мок 23 ЕООД', 'Бул. Бизнес 23', 'Стара Загора', 'BG344', 'office@mock-company23.bg', '0899000023'),
('party-auth-24', '100000024', 'mock', null, null, 'Община Мок-24', 'Ул. Тест 24', 'София-град', 'BG411', 'contact@mock24.bg', '0888000024'),
('party-bidder-24', '104693344', 'mock', null, null, 'Фирма Мок 24 ЕООД', 'Бул. Бизнес 24', 'София-град', 'BG411', 'office@mock-company24.bg', '0899000024'),
('party-auth-25', '100000025', 'mock', null, null, 'Община Мок-25', 'Ул. Тест 25', 'Пловдив', 'BG421', 'contact@mock25.bg', '0888000025'),
('party-bidder-25', '104693344', 'mock', null, null, 'Фирма Мок 25 ЕООД', 'Бул. Бизнес 25', 'Пловдив', 'BG421', 'office@mock-company25.bg', '0899000025'),
('party-auth-26', '100000026', 'mock', null, null, 'Община Мок-26', 'Ул. Тест 26', 'Варна', 'BG331', 'contact@mock26.bg', '0888000026'),
('party-bidder-26', '104693344', 'mock', null, null, 'Фирма Мок 26 ЕООД', 'Бул. Бизнес 26', 'Варна', 'BG331', 'office@mock-company26.bg', '0899000026'),
('party-auth-27', '100000027', 'mock', null, null, 'Община Мок-27', 'Ул. Тест 27', 'Бургас', 'BG341', 'contact@mock27.bg', '0888000027'),
('party-bidder-27', '104693344', 'mock', null, null, 'Фирма Мок 27 ЕООД', 'Бул. Бизнес 27', 'Бургас', 'BG341', 'office@mock-company27.bg', '0899000027'),
('party-auth-28', '100000028', 'mock', null, null, 'Община Мок-28', 'Ул. Тест 28', 'Русе', 'BG323', 'contact@mock28.bg', '0888000028'),
('party-bidder-28', '104693344', 'mock', null, null, 'Фирма Мок 28 ЕООД', 'Бул. Бизнес 28', 'Русе', 'BG323', 'office@mock-company28.bg', '0899000028'),
('party-auth-29', '100000029', 'mock', null, null, 'Община Мок-29', 'Ул. Тест 29', 'Стара Загора', 'BG344', 'contact@mock29.bg', '0888000029'),
('party-bidder-29', '104693344', 'mock', null, null, 'Фирма Мок 29 ЕООД', 'Бул. Бизнес 29', 'Стара Загора', 'BG344', 'office@mock-company29.bg', '0899000029'),
('party-auth-30', '100000030', 'mock', null, null, 'Община Мок-30', 'Ул. Тест 30', 'София-град', 'BG411', 'contact@mock30.bg', '0888000030'),
('party-bidder-30', '104693344', 'mock', null, null, 'Фирма Мок 30 ЕООД', 'Бул. Бизнес 30', 'София-град', 'BG411', 'office@mock-company30.bg', '0899000030'),
('party-auth-31', '100000031', 'mock', null, null, 'Община Мок-31', 'Ул. Тест 31', 'Пловдив', 'BG421', 'contact@mock31.bg', '0888000031'),
('party-bidder-31', '104693344', 'mock', null, null, 'Фирма Мок 31 ЕООД', 'Бул. Бизнес 31', 'Пловдив', 'BG421', 'office@mock-company31.bg', '0899000031'),
('party-auth-32', '100000032', 'mock', null, null, 'Община Мок-32', 'Ул. Тест 32', 'Варна', 'BG331', 'contact@mock32.bg', '0888000032'),
('party-bidder-32', '104693344', 'mock', null, null, 'Фирма Мок 32 ЕООД', 'Бул. Бизнес 32', 'Варна', 'BG331', 'office@mock-company32.bg', '0899000032'),
('party-auth-33', '100000033', 'mock', null, null, 'Община Мок-33', 'Ул. Тест 33', 'Бургас', 'BG341', 'contact@mock33.bg', '0888000033'),
('party-bidder-33', '104693344', 'mock', null, null, 'Фирма Мок 33 ЕООД', 'Бул. Бизнес 33', 'Бургас', 'BG341', 'office@mock-company33.bg', '0899000033'),
('party-auth-34', '100000034', 'mock', null, null, 'Община Мок-34', 'Ул. Тест 34', 'Русе', 'BG323', 'contact@mock34.bg', '0888000034'),
('party-bidder-34', '104693344', 'mock', null, null, 'Фирма Мок 34 ЕООД', 'Бул. Бизнес 34', 'Русе', 'BG323', 'office@mock-company34.bg', '0899000034'),
('party-auth-35', '100000035', 'mock', null, null, 'Община Мок-35', 'Ул. Тест 35', 'Стара Загора', 'BG344', 'contact@mock35.bg', '0888000035'),
('party-bidder-35', '104693344', 'mock', null, null, 'Фирма Мок 35 ЕООД', 'Бул. Бизнес 35', 'Стара Загора', 'BG344', 'office@mock-company35.bg', '0899000035'),
('party-auth-36', '100000036', 'mock', null, null, 'Община Мок-36', 'Ул. Тест 36', 'София-град', 'BG411', 'contact@mock36.bg', '0888000036'),
('party-bidder-36', '104693344', 'mock', null, null, 'Фирма Мок 36 ЕООД', 'Бул. Бизнес 36', 'София-град', 'BG411', 'office@mock-company36.bg', '0899000036'),
('party-auth-37', '100000037', 'mock', null, null, 'Община Мок-37', 'Ул. Тест 37', 'Пловдив', 'BG421', 'contact@mock37.bg', '0888000037'),
('party-bidder-37', '104693344', 'mock', null, null, 'Фирма Мок 37 ЕООД', 'Бул. Бизнес 37', 'Пловдив', 'BG421', 'office@mock-company37.bg', '0899000037'),
('party-auth-38', '100000038', 'mock', null, null, 'Община Мок-38', 'Ул. Тест 38', 'Варна', 'BG331', 'contact@mock38.bg', '0888000038'),
('party-bidder-38', '104693344', 'mock', null, null, 'Фирма Мок 38 ЕООД', 'Бул. Бизнес 38', 'Варна', 'BG331', 'office@mock-company38.bg', '0899000038'),
('party-auth-39', '100000039', 'mock', null, null, 'Община Мок-39', 'Ул. Тест 39', 'Бургас', 'BG341', 'contact@mock39.bg', '0888000039'),
('party-bidder-39', '104693344', 'mock', null, null, 'Фирма Мок 39 ЕООД', 'Бул. Бизнес 39', 'Бургас', 'BG341', 'office@mock-company39.bg', '0899000039'),
('party-auth-40', '100000040', 'mock', null, null, 'Община Мок-40', 'Ул. Тест 40', 'Русе', 'BG323', 'contact@mock40.bg', '0888000040'),
('party-bidder-40', '104693344', 'mock', null, null, 'Фирма Мок 40 ЕООД', 'Бул. Бизнес 40', 'Русе', 'BG323', 'office@mock-company40.bg', '0899000040'),
('party-auth-41', '100000041', 'mock', null, null, 'Община Мок-41', 'Ул. Тест 41', 'Стара Загора', 'BG344', 'contact@mock41.bg', '0888000041'),
('party-bidder-41', '104693344', 'mock', null, null, 'Фирма Мок 41 ЕООД', 'Бул. Бизнес 41', 'Стара Загора', 'BG344', 'office@mock-company41.bg', '0899000041'),
('party-auth-42', '100000042', 'mock', null, null, 'Община Мок-42', 'Ул. Тест 42', 'София-град', 'BG411', 'contact@mock42.bg', '0888000042'),
('party-bidder-42', '104693344', 'mock', null, null, 'Фирма Мок 42 ЕООД', 'Бул. Бизнес 42', 'София-град', 'BG411', 'office@mock-company42.bg', '0899000042'),
('party-auth-43', '100000043', 'mock', null, null, 'Община Мок-43', 'Ул. Тест 43', 'Пловдив', 'BG421', 'contact@mock43.bg', '0888000043'),
('party-bidder-43', '104693344', 'mock', null, null, 'Фирма Мок 43 ЕООД', 'Бул. Бизнес 43', 'Пловдив', 'BG421', 'office@mock-company43.bg', '0899000043'),
('party-auth-44', '100000044', 'mock', null, null, 'Община Мок-44', 'Ул. Тест 44', 'Варна', 'BG331', 'contact@mock44.bg', '0888000044'),
('party-bidder-44', '104693344', 'mock', null, null, 'Фирма Мок 44 ЕООД', 'Бул. Бизнес 44', 'Варна', 'BG331', 'office@mock-company44.bg', '0899000044'),
('party-auth-45', '100000045', 'mock', null, null, 'Община Мок-45', 'Ул. Тест 45', 'Бургас', 'BG341', 'contact@mock45.bg', '0888000045'),
('party-bidder-45', '104693344', 'mock', null, null, 'Фирма Мок 45 ЕООД', 'Бул. Бизнес 45', 'Бургас', 'BG341', 'office@mock-company45.bg', '0899000045'),
('party-auth-46', '100000046', 'mock', null, null, 'Община Мок-46', 'Ул. Тест 46', 'Русе', 'BG323', 'contact@mock46.bg', '0888000046'),
('party-bidder-46', '104693344', 'mock', null, null, 'Фирма Мок 46 ЕООД', 'Бул. Бизнес 46', 'Русе', 'BG323', 'office@mock-company46.bg', '0899000046'),
('party-auth-47', '100000047', 'mock', null, null, 'Община Мок-47', 'Ул. Тест 47', 'Стара Загора', 'BG344', 'contact@mock47.bg', '0888000047'),
('party-bidder-47', '104693344', 'mock', null, null, 'Фирма Мок 47 ЕООД', 'Бул. Бизнес 47', 'Стара Загора', 'BG344', 'office@mock-company47.bg', '0899000047'),
('party-auth-48', '100000048', 'mock', null, null, 'Община Мок-48', 'Ул. Тест 48', 'София-град', 'BG411', 'contact@mock48.bg', '0888000048'),
('party-bidder-48', '104693344', 'mock', null, null, 'Фирма Мок 48 ЕООД', 'Бул. Бизнес 48', 'София-град', 'BG411', 'office@mock-company48.bg', '0899000048'),
('party-auth-49', '100000049', 'mock', null, null, 'Община Мок-49', 'Ул. Тест 49', 'Пловдив', 'BG421', 'contact@mock49.bg', '0888000049'),
('party-bidder-49', '104693344', 'mock', null, null, 'Фирма Мок 49 ЕООД', 'Бул. Бизнес 49', 'Пловдив', 'BG421', 'office@mock-company49.bg', '0899000049'),
('party-auth-50', '100000050', 'mock', null, null, 'Община Мок-50', 'Ул. Тест 50', 'Варна', 'BG331', 'contact@mock50.bg', '0888000050'),
('party-bidder-50', '104693344', 'mock', null, null, 'Фирма Мок 50 ЕООД', 'Бул. Бизнес 50', 'Варна', 'BG331', 'office@mock-company50.bg', '0899000050'),
('party-auth-51', '100000051', 'mock', null, null, 'Община Мок-51', 'Ул. Тест 51', 'Бургас', 'BG341', 'contact@mock51.bg', '0888000051'),
('party-bidder-51', '104693344', 'mock', null, null, 'Фирма Мок 51 ЕООД', 'Бул. Бизнес 51', 'Бургас', 'BG341', 'office@mock-company51.bg', '0899000051'),
('party-auth-52', '100000052', 'mock', null, null, 'Община Мок-52', 'Ул. Тест 52', 'Русе', 'BG323', 'contact@mock52.bg', '0888000052'),
('party-bidder-52', '104693344', 'mock', null, null, 'Фирма Мок 52 ЕООД', 'Бул. Бизнес 52', 'Русе', 'BG323', 'office@mock-company52.bg', '0899000052'),
('party-auth-53', '100000053', 'mock', null, null, 'Община Мок-53', 'Ул. Тест 53', 'Стара Загора', 'BG344', 'contact@mock53.bg', '0888000053'),
('party-bidder-53', '104693344', 'mock', null, null, 'Фирма Мок 53 ЕООД', 'Бул. Бизнес 53', 'Стара Загора', 'BG344', 'office@mock-company53.bg', '0899000053'),
('party-auth-54', '100000054', 'mock', null, null, 'Община Мок-54', 'Ул. Тест 54', 'София-град', 'BG411', 'contact@mock54.bg', '0888000054'),
('party-bidder-54', '104693344', 'mock', null, null, 'Фирма Мок 54 ЕООД', 'Бул. Бизнес 54', 'София-град', 'BG411', 'office@mock-company54.bg', '0899000054'),
('party-auth-55', '100000055', 'mock', null, null, 'Община Мок-55', 'Ул. Тест 55', 'Пловдив', 'BG421', 'contact@mock55.bg', '0888000055'),
('party-bidder-55', '104693344', 'mock', null, null, 'Фирма Мок 55 ЕООД', 'Бул. Бизнес 55', 'Пловдив', 'BG421', 'office@mock-company55.bg', '0899000055'),
('party-auth-56', '100000056', 'mock', null, null, 'Община Мок-56', 'Ул. Тест 56', 'Варна', 'BG331', 'contact@mock56.bg', '0888000056'),
('party-bidder-56', '104693344', 'mock', null, null, 'Фирма Мок 56 ЕООД', 'Бул. Бизнес 56', 'Варна', 'BG331', 'office@mock-company56.bg', '0899000056'),
('party-auth-57', '100000057', 'mock', null, null, 'Община Мок-57', 'Ул. Тест 57', 'Бургас', 'BG341', 'contact@mock57.bg', '0888000057'),
('party-bidder-57', '104693344', 'mock', null, null, 'Фирма Мок 57 ЕООД', 'Бул. Бизнес 57', 'Бургас', 'BG341', 'office@mock-company57.bg', '0899000057'),
('party-auth-58', '100000058', 'mock', null, null, 'Община Мок-58', 'Ул. Тест 58', 'Русе', 'BG323', 'contact@mock58.bg', '0888000058'),
('party-bidder-58', '104693344', 'mock', null, null, 'Фирма Мок 58 ЕООД', 'Бул. Бизнес 58', 'Русе', 'BG323', 'office@mock-company58.bg', '0899000058'),
('party-auth-59', '100000059', 'mock', null, null, 'Община Мок-59', 'Ул. Тест 59', 'Стара Загора', 'BG344', 'contact@mock59.bg', '0888000059'),
('party-bidder-59', '104693344', 'mock', null, null, 'Фирма Мок 59 ЕООД', 'Бул. Бизнес 59', 'Стара Загора', 'BG344', 'office@mock-company59.bg', '0899000059'),
('party-auth-60', '100000060', 'mock', null, null, 'Община Мок-60', 'Ул. Тест 60', 'София-град', 'BG411', 'contact@mock60.bg', '0888000060'),
('party-bidder-60', '104693344', 'mock', null, null, 'Фирма Мок 60 ЕООД', 'Бул. Бизнес 60', 'София-град', 'BG411', 'office@mock-company60.bg', '0899000060'),
('party-auth-61', '100000061', 'mock', null, null, 'Община Мок-61', 'Ул. Тест 61', 'Пловдив', 'BG421', 'contact@mock61.bg', '0888000061'),
('party-bidder-61', '104693344', 'mock', null, null, 'Фирма Мок 61 ЕООД', 'Бул. Бизнес 61', 'Пловдив', 'BG421', 'office@mock-company61.bg', '0899000061'),
('party-auth-62', '100000062', 'mock', null, null, 'Община Мок-62', 'Ул. Тест 62', 'Варна', 'BG331', 'contact@mock62.bg', '0888000062'),
('party-bidder-62', '104693344', 'mock', null, null, 'Фирма Мок 62 ЕООД', 'Бул. Бизнес 62', 'Варна', 'BG331', 'office@mock-company62.bg', '0899000062'),
('party-auth-63', '100000063', 'mock', null, null, 'Община Мок-63', 'Ул. Тест 63', 'Бургас', 'BG341', 'contact@mock63.bg', '0888000063'),
('party-bidder-63', '104693344', 'mock', null, null, 'Фирма Мок 63 ЕООД', 'Бул. Бизнес 63', 'Бургас', 'BG341', 'office@mock-company63.bg', '0899000063'),
('party-auth-64', '100000064', 'mock', null, null, 'Община Мок-64', 'Ул. Тест 64', 'Русе', 'BG323', 'contact@mock64.bg', '0888000064'),
('party-bidder-64', '104693344', 'mock', null, null, 'Фирма Мок 64 ЕООД', 'Бул. Бизнес 64', 'Русе', 'BG323', 'office@mock-company64.bg', '0899000064'),
('party-auth-65', '100000065', 'mock', null, null, 'Община Мок-65', 'Ул. Тест 65', 'Стара Загора', 'BG344', 'contact@mock65.bg', '0888000065'),
('party-bidder-65', '104693344', 'mock', null, null, 'Фирма Мок 65 ЕООД', 'Бул. Бизнес 65', 'Стара Загора', 'BG344', 'office@mock-company65.bg', '0899000065'),
('party-auth-66', '100000066', 'mock', null, null, 'Община Мок-66', 'Ул. Тест 66', 'София-град', 'BG411', 'contact@mock66.bg', '0888000066'),
('party-bidder-66', '104693344', 'mock', null, null, 'Фирма Мок 66 ЕООД', 'Бул. Бизнес 66', 'София-град', 'BG411', 'office@mock-company66.bg', '0899000066'),
('party-auth-67', '100000067', 'mock', null, null, 'Община Мок-67', 'Ул. Тест 67', 'Пловдив', 'BG421', 'contact@mock67.bg', '0888000067'),
('party-bidder-67', '104693344', 'mock', null, null, 'Фирма Мок 67 ЕООД', 'Бул. Бизнес 67', 'Пловдив', 'BG421', 'office@mock-company67.bg', '0899000067'),
('party-auth-68', '100000068', 'mock', null, null, 'Община Мок-68', 'Ул. Тест 68', 'Варна', 'BG331', 'contact@mock68.bg', '0888000068'),
('party-bidder-68', '104693344', 'mock', null, null, 'Фирма Мок 68 ЕООД', 'Бул. Бизнес 68', 'Варна', 'BG331', 'office@mock-company68.bg', '0899000068'),
('party-auth-69', '100000069', 'mock', null, null, 'Община Мок-69', 'Ул. Тест 69', 'Бургас', 'BG341', 'contact@mock69.bg', '0888000069'),
('party-bidder-69', '104693344', 'mock', null, null, 'Фирма Мок 69 ЕООД', 'Бул. Бизнес 69', 'Бургас', 'BG341', 'office@mock-company69.bg', '0899000069'),
('party-auth-70', '100000070', 'mock', null, null, 'Община Мок-70', 'Ул. Тест 70', 'Русе', 'BG323', 'contact@mock70.bg', '0888000070'),
('party-bidder-70', '104693344', 'mock', null, null, 'Фирма Мок 70 ЕООД', 'Бул. Бизнес 70', 'Русе', 'BG323', 'office@mock-company70.bg', '0899000070'),
('party-auth-71', '100000071', 'mock', null, null, 'Община Мок-71', 'Ул. Тест 71', 'Стара Загора', 'BG344', 'contact@mock71.bg', '0888000071'),
('party-bidder-71', '104693344', 'mock', null, null, 'Фирма Мок 71 ЕООД', 'Бул. Бизнес 71', 'Стара Загора', 'BG344', 'office@mock-company71.bg', '0899000071'),
('party-auth-72', '100000072', 'mock', null, null, 'Община Мок-72', 'Ул. Тест 72', 'София-град', 'BG411', 'contact@mock72.bg', '0888000072'),
('party-bidder-72', '104693344', 'mock', null, null, 'Фирма Мок 72 ЕООД', 'Бул. Бизнес 72', 'София-град', 'BG411', 'office@mock-company72.bg', '0899000072'),
('party-auth-73', '100000073', 'mock', null, null, 'Община Мок-73', 'Ул. Тест 73', 'Пловдив', 'BG421', 'contact@mock73.bg', '0888000073'),
('party-bidder-73', '104693344', 'mock', null, null, 'Фирма Мок 73 ЕООД', 'Бул. Бизнес 73', 'Пловдив', 'BG421', 'office@mock-company73.bg', '0899000073'),
('party-auth-74', '100000074', 'mock', null, null, 'Община Мок-74', 'Ул. Тест 74', 'Варна', 'BG331', 'contact@mock74.bg', '0888000074'),
('party-bidder-74', '104693344', 'mock', null, null, 'Фирма Мок 74 ЕООД', 'Бул. Бизнес 74', 'Варна', 'BG331', 'office@mock-company74.bg', '0899000074'),
('party-auth-75', '100000075', 'mock', null, null, 'Община Мок-75', 'Ул. Тест 75', 'Бургас', 'BG341', 'contact@mock75.bg', '0888000075'),
('party-bidder-75', '104693344', 'mock', null, null, 'Фирма Мок 75 ЕООД', 'Бул. Бизнес 75', 'Бургас', 'BG341', 'office@mock-company75.bg', '0899000075'),
('party-auth-76', '100000076', 'mock', null, null, 'Община Мок-76', 'Ул. Тест 76', 'Русе', 'BG323', 'contact@mock76.bg', '0888000076'),
('party-bidder-76', '104693344', 'mock', null, null, 'Фирма Мок 76 ЕООД', 'Бул. Бизнес 76', 'Русе', 'BG323', 'office@mock-company76.bg', '0899000076'),
('party-auth-77', '100000077', 'mock', null, null, 'Община Мок-77', 'Ул. Тест 77', 'Стара Загора', 'BG344', 'contact@mock77.bg', '0888000077'),
('party-bidder-77', '104693344', 'mock', null, null, 'Фирма Мок 77 ЕООД', 'Бул. Бизнес 77', 'Стара Загора', 'BG344', 'office@mock-company77.bg', '0899000077'),
('party-auth-78', '100000078', 'mock', null, null, 'Община Мок-78', 'Ул. Тест 78', 'София-град', 'BG411', 'contact@mock78.bg', '0888000078'),
('party-bidder-78', '104693344', 'mock', null, null, 'Фирма Мок 78 ЕООД', 'Бул. Бизнес 78', 'София-град', 'BG411', 'office@mock-company78.bg', '0899000078'),
('party-auth-79', '100000079', 'mock', null, null, 'Община Мок-79', 'Ул. Тест 79', 'Пловдив', 'BG421', 'contact@mock79.bg', '0888000079'),
('party-bidder-79', '104693344', 'mock', null, null, 'Фирма Мок 79 ЕООД', 'Бул. Бизнес 79', 'Пловдив', 'BG421', 'office@mock-company79.bg', '0899000079'),
('party-auth-80', '100000080', 'mock', null, null, 'Община Мок-80', 'Ул. Тест 80', 'Варна', 'BG331', 'contact@mock80.bg', '0888000080'),
('party-bidder-80', '104693344', 'mock', null, null, 'Фирма Мок 80 ЕООД', 'Бул. Бизнес 80', 'Варна', 'BG331', 'office@mock-company80.bg', '0899000080'),
('party-auth-81', '100000081', 'mock', null, null, 'Община Мок-81', 'Ул. Тест 81', 'Бургас', 'BG341', 'contact@mock81.bg', '0888000081'),
('party-bidder-81', '104693344', 'mock', null, null, 'Фирма Мок 81 ЕООД', 'Бул. Бизнес 81', 'Бургас', 'BG341', 'office@mock-company81.bg', '0899000081'),
('party-auth-82', '100000082', 'mock', null, null, 'Община Мок-82', 'Ул. Тест 82', 'Русе', 'BG323', 'contact@mock82.bg', '0888000082'),
('party-bidder-82', '104693344', 'mock', null, null, 'Фирма Мок 82 ЕООД', 'Бул. Бизнес 82', 'Русе', 'BG323', 'office@mock-company82.bg', '0899000082'),
('party-auth-83', '100000083', 'mock', null, null, 'Община Мок-83', 'Ул. Тест 83', 'Стара Загора', 'BG344', 'contact@mock83.bg', '0888000083'),
('party-bidder-83', '104693344', 'mock', null, null, 'Фирма Мок 83 ЕООД', 'Бул. Бизнес 83', 'Стара Загора', 'BG344', 'office@mock-company83.bg', '0899000083'),
('party-auth-84', '100000084', 'mock', null, null, 'Община Мок-84', 'Ул. Тест 84', 'София-град', 'BG411', 'contact@mock84.bg', '0888000084'),
('party-bidder-84', '104693344', 'mock', null, null, 'Фирма Мок 84 ЕООД', 'Бул. Бизнес 84', 'София-град', 'BG411', 'office@mock-company84.bg', '0899000084'),
('party-auth-85', '100000085', 'mock', null, null, 'Община Мок-85', 'Ул. Тест 85', 'Пловдив', 'BG421', 'contact@mock85.bg', '0888000085'),
('party-bidder-85', '104693344', 'mock', null, null, 'Фирма Мок 85 ЕООД', 'Бул. Бизнес 85', 'Пловдив', 'BG421', 'office@mock-company85.bg', '0899000085'),
('party-auth-86', '100000086', 'mock', null, null, 'Община Мок-86', 'Ул. Тест 86', 'Варна', 'BG331', 'contact@mock86.bg', '0888000086'),
('party-bidder-86', '104693344', 'mock', null, null, 'Фирма Мок 86 ЕООД', 'Бул. Бизнес 86', 'Варна', 'BG331', 'office@mock-company86.bg', '0899000086'),
('party-auth-87', '100000087', 'mock', null, null, 'Община Мок-87', 'Ул. Тест 87', 'Бургас', 'BG341', 'contact@mock87.bg', '0888000087'),
('party-bidder-87', '104693344', 'mock', null, null, 'Фирма Мок 87 ЕООД', 'Бул. Бизнес 87', 'Бургас', 'BG341', 'office@mock-company87.bg', '0899000087'),
('party-auth-88', '100000088', 'mock', null, null, 'Община Мок-88', 'Ул. Тест 88', 'Русе', 'BG323', 'contact@mock88.bg', '0888000088'),
('party-bidder-88', '104693344', 'mock', null, null, 'Фирма Мок 88 ЕООД', 'Бул. Бизнес 88', 'Русе', 'BG323', 'office@mock-company88.bg', '0899000088'),
('party-auth-89', '100000089', 'mock', null, null, 'Община Мок-89', 'Ул. Тест 89', 'Стара Загора', 'BG344', 'contact@mock89.bg', '0888000089'),
('party-bidder-89', '104693344', 'mock', null, null, 'Фирма Мок 89 ЕООД', 'Бул. Бизнес 89', 'Стара Загора', 'BG344', 'office@mock-company89.bg', '0899000089'),
('party-auth-90', '100000090', 'mock', null, null, 'Община Мок-90', 'Ул. Тест 90', 'София-град', 'BG411', 'contact@mock90.bg', '0888000090'),
('party-bidder-90', '104693344', 'mock', null, null, 'Фирма Мок 90 ЕООД', 'Бул. Бизнес 90', 'София-град', 'BG411', 'office@mock-company90.bg', '0899000090'),
('party-auth-91', '100000091', 'mock', null, null, 'Община Мок-91', 'Ул. Тест 91', 'Пловдив', 'BG421', 'contact@mock91.bg', '0888000091'),
('party-bidder-91', '104693344', 'mock', null, null, 'Фирма Мок 91 ЕООД', 'Бул. Бизнес 91', 'Пловдив', 'BG421', 'office@mock-company91.bg', '0899000091'),
('party-auth-92', '100000092', 'mock', null, null, 'Община Мок-92', 'Ул. Тест 92', 'Варна', 'BG331', 'contact@mock92.bg', '0888000092'),
('party-bidder-92', '104693344', 'mock', null, null, 'Фирма Мок 92 ЕООД', 'Бул. Бизнес 92', 'Варна', 'BG331', 'office@mock-company92.bg', '0899000092'),
('party-auth-93', '100000093', 'mock', null, null, 'Община Мок-93', 'Ул. Тест 93', 'Бургас', 'BG341', 'contact@mock93.bg', '0888000093'),
('party-bidder-93', '104693344', 'mock', null, null, 'Фирма Мок 93 ЕООД', 'Бул. Бизнес 93', 'Бургас', 'BG341', 'office@mock-company93.bg', '0899000093'),
('party-auth-94', '100000094', 'mock', null, null, 'Община Мок-94', 'Ул. Тест 94', 'Русе', 'BG323', 'contact@mock94.bg', '0888000094'),
('party-bidder-94', '104693344', 'mock', null, null, 'Фирма Мок 94 ЕООД', 'Бул. Бизнес 94', 'Русе', 'BG323', 'office@mock-company94.bg', '0899000094'),
('party-auth-95', '100000095', 'mock', null, null, 'Община Мок-95', 'Ул. Тест 95', 'Стара Загора', 'BG344', 'contact@mock95.bg', '0888000095'),
('party-bidder-95', '104693344', 'mock', null, null, 'Фирма Мок 95 ЕООД', 'Бул. Бизнес 95', 'Стара Загора', 'BG344', 'office@mock-company95.bg', '0899000095'),
('party-auth-96', '100000096', 'mock', null, null, 'Община Мок-96', 'Ул. Тест 96', 'София-град', 'BG411', 'contact@mock96.bg', '0888000096'),
('party-bidder-96', '104693344', 'mock', null, null, 'Фирма Мок 96 ЕООД', 'Бул. Бизнес 96', 'София-град', 'BG411', 'office@mock-company96.bg', '0899000096'),
('party-auth-97', '100000097', 'mock', null, null, 'Община Мок-97', 'Ул. Тест 97', 'Пловдив', 'BG421', 'contact@mock97.bg', '0888000097'),
('party-bidder-97', '104693344', 'mock', null, null, 'Фирма Мок 97 ЕООД', 'Бул. Бизнес 97', 'Пловдив', 'BG421', 'office@mock-company97.bg', '0899000097'),
('party-auth-98', '100000098', 'mock', null, null, 'Община Мок-98', 'Ул. Тест 98', 'Варна', 'BG331', 'contact@mock98.bg', '0888000098'),
('party-bidder-98', '104693344', 'mock', null, null, 'Фирма Мок 98 ЕООД', 'Бул. Бизнес 98', 'Варна', 'BG331', 'office@mock-company98.bg', '0899000098'),
('party-auth-99', '100000099', 'mock', null, null, 'Община Мок-99', 'Ул. Тест 99', 'Бургас', 'BG341', 'contact@mock99.bg', '0888000099'),
('party-bidder-99', '104693344', 'mock', null, null, 'Фирма Мок 99 ЕООД', 'Бул. Бизнес 99', 'Бургас', 'BG341', 'office@mock-company99.bg', '0899000099'),
('party-auth-100', '100000100', 'mock', null, null, 'Община Мок-100', 'Ул. Тест 100', 'Русе', 'BG323', 'contact@mock100.bg', '0888000100'),
('party-bidder-100', '104693344', 'mock', null, null, 'Фирма Мок 100 ЕООД', 'Бул. Бизнес 100', 'Русе', 'BG323', 'office@mock-company100.bg', '0899000100');
